ubigeo	entidad	municipio	parroquia	lat	lon	capital
030102	Anzoátegui	Anaco	San Joaquin	9.30941920	-64.48370580	f
030103	Anzoátegui	Anaco	Buena vista	9.38374020	-64.50591470	f
030202	Anzoátegui	Aragua	Cachipo	8.96666700	-64.63333290	f
032102	Anzoátegui	Diego Bautista Urbaneja	El Morro	10.20639690	-64.70586990	f
030302	Anzoátegui	Fernando de Peñalver	San Miguel	9.90099400	-64.98751100	f
032101	Anzoátegui	Diego Bautista Urbaneja	Diego Bautista Urbaneja	10.17559900	-64.68225090	t
030402	Anzoátegui	Francisco del Carmen Carvajal	Santa Barbara	9.89796270	-65.61831820	f
020102	Amazonas	Alto Orinoco	Marawaka	2.51221980	-64.71624150	f
030502	Anzoátegui	Francisco de Miranda	Atapirire	8.42759600	-64.36685900	f
030503	Anzoátegui	Francisco de Miranda	Boca del Pao	8.11765400	-64.30307800	f
030504	Anzoátegui	Francisco de Miranda	El Pao	8.11765400	-64.30307800	f
030505	Anzoátegui	Francisco de Miranda	Mucura	8.59130730	-63.95861110	f
020103	Amazonas	Alto Orinoco	Mavaca	2.51221980	-64.71624150	f
020104	Amazonas	Alto Orinoco	Sierra Parima	2.51221980	-64.71624150	f
030702	Anzoátegui	Independencia	Mamo	8.44408200	-63.01918000	f
020201	Amazonas	Atabapo	Ucata	3.89234430	-66.80819790	f
030802	Anzoátegui	Juan Antonio Sotillo	Pozuelos	10.18840810	-64.64166100	f
030902	Anzoátegui	Juan Manuel Cajigal	San Pablo	9.53204720	-65.14325180	f
020202	Amazonas	Atabapo	Yapacana	3.89234430	-66.80819790	f
031102	Anzoátegui	Libertad	El Carito	9.78714170	-64.74143120	f
031103	Anzoátegui	Libertad	Santa Ines	9.90485330	-64.35344800	f
020401	Amazonas	Autana	Samariapo	5.14334280	-67.57085360	f
031202	Anzoátegui	Manuel Ezequiel Bruzual	Guanape	9.94722220	-65.52277780	f
031203	Anzoátegui	Manuel Ezequiel Bruzual	Sabana de Uchire	10.01714510	-65.52028750	f
031602	Anzoátegui	San Juan de Capistrano	Boca de Chavez	10.08333300	-65.38333290	f
020402	Amazonas	Autana	Sipapo	5.14334280	-67.57085360	f
031702	Anzoátegui	Santa Ana	Pueblo Nuevo	9.30645350	-64.66290530	f
020403	Amazonas	Autana	Munduapo	5.14334280	-67.57085360	f
032002	Anzoátegui	Sir Arthur Mc Gregor	Tomas Alfaro Calatrava	8.59130730	-63.95861110	f
020404	Amazonas	Autana	Guayapo	5.14334280	-67.57085360	f
070201	Bolívar	Cedeño	Seccion Capital Cedeño	6.81371510	-66.23671720	f
070202	Bolívar	Cedeño	Altagracia	7.86666700	-65.55000000	f
070203	Bolívar	Cedeño	Ascension Farreras	6.81371510	-66.23671720	f
070204	Bolívar	Cedeño	Guaniamo	7.63833890	-66.16816320	f
070206	Bolívar	Cedeño	Pijiguaos	6.57213280	-66.81117570	f
070401	Bolívar	Gran Sabana	Seccion Capital Gran Sabana	5.34717990	-61.70056500	f
070402	Bolívar	Gran Sabana	Ikabaru	4.60151410	-61.10850510	f
070501	Bolívar	Heres	Agua Salada	8.12123060	-63.58128130	f
070502	Bolívar	Heres	Catedral	8.12737760	-63.54445980	f
070504	Bolívar	Heres	La Sabanita	8.12061990	-63.55995610	f
070505	Bolívar	Heres	Marhuanta	8.10182460	-63.46850650	f
070506	Bolívar	Heres	Vista Hermosa	8.11017220	-63.53487770	f
070507	Bolívar	Heres	Orinoco	8.14577550	-63.54273320	f
070508	Bolívar	Heres	Panapana	8.23333300	-63.25000000	f
070509	Bolívar	Heres	Zea	8.14444530	-63.54667210	f
031902	Anzoátegui	Simón Rodríguez	Miguel Otero Silva	8.87864450	-64.23656340	f
020501	Amazonas	Maroa	Victorino	2.70056040	-66.80819790	f
031002	Anzoátegui	José Gregorio Monagas	Piar	8.17427320	-64.90595500	f
031003	Anzoátegui	José Gregorio Monagas	San Diego de Cabrutica	8.41666400	-64.88694000	f
031004	Anzoátegui	José Gregorio Monagas	Santa Clara	8.49804550	-64.61402200	f
020502	Amazonas	Maroa	Comunidad	2.70056040	-66.80819790	f
031302	Anzoátegui	Pedro María Freites	Libertador	8.90850460	-64.17887920	f
031303	Anzoátegui	Pedro María Freites	Santa Rosa	9.58051770	-64.29721890	f
031304	Anzoátegui	Pedro María Freites	Urica	9.70378070	-64.00663690	f
020602	Amazonas	Manapiare	Medio Ventuari	4.90983820	-65.47573600	f
031402	Anzoátegui	Píritu	San Francisco	10.04589620	-65.03348130	f
070101	Bolívar	Caroní	Cachamay	8.30705770	-62.70520160	f
070102	Bolívar	Caroní	Chirica	8.33276720	-62.64441200	f
070103	Bolívar	Caroní	Dalla Costa	8.33976500	-62.69491560	f
070106	Bolívar	Caroní	Unare	8.27948260	-62.75073550	f
070107	Bolívar	Caroní	Universidad	8.35297030	-62.67724470	f
070105	Bolívar	Caroní	Simón Bolívar	8.35583480	-62.66920310	f
070601	Bolívar	Piar	Seccion Capital Piar	7.39018750	-62.63835240	f
070602	Bolívar	Piar	Andres Eloy Blanco	8.01111840	-62.40174570	f
070701	Bolívar	Bolivariano Angostura	Seccion Capital Angostura	9.90332000	-75.11846000	f
070702	Bolívar	Bolivariano Angostura	Barceloneta	9.90332000	-75.11846000	f
070703	Bolívar	Bolivariano Angostura	San Francisco	7.08646110	-63.63373180	f
070704	Bolívar	Bolivariano Angostura	Santa Barbara	7.34562220	-63.27098190	f
070801	Bolívar	Roscio	Seccion Capital Roscio	6.95914160	-61.98139130	f
070802	Bolívar	Roscio	Salom	6.95914160	-61.98139130	f
070902	Bolívar	Sifontes	Dalla Costa	6.98121190	-61.14031960	f
070301	Bolívar	El Callao	El Callao	7.34574080	-61.82922060	f
110401	Falcón	Cacique Manaure	Yaracal	10.97179490	-68.54558210	f
070903	Bolívar	Sifontes	San Isidro	6.15949060	-61.43041510	f
071001	Bolívar	Sucre	Seccion Capital Sucre	2.03826700	-76.92543490	f
071002	Bolívar	Sucre	Aripao	7.36666700	-65.08333300	f
020603	Amazonas	Manapiare	Bajo Ventuari	4.90983820	-65.47573600	f
020701	Amazonas	Rio Negro	Solano	-2.05884870	-60.40229720	f
020702	Amazonas	Rio Negro	Casiquiare	-2.05884870	-60.40229720	f
020703	Amazonas	Rio Negro	Cocuy	-2.05884870	-60.40229720	f
020301	Amazonas	Atures	Fernando Giron Tovar	5.67871700	-67.28478750	f
071003	Bolívar	Sucre	Guarataro	7.45000000	-64.80000000	f
071005	Bolívar	Sucre	Moitaco	8.00780500	-64.34326400	f
110101	Falcón	Acosta	San Juan de los Cayos	11.17379690	-68.40994450	f
110102	Falcón	Acosta	Capadare	11.15730650	-68.57315650	f
110103	Falcón	Acosta	La Pastora	11.19246000	-68.62102500	f
110104	Falcón	Acosta	Libertador	11.21671370	-68.57241120	f
110301	Falcón	Buchivacoa	Capatarida	11.17178300	-70.62038400	f
110303	Falcón	Buchivacoa	Borojo	11.06915000	-70.79630300	f
110304	Falcón	Buchivacoa	Guajiro	11.06724090	-70.63883190	f
110305	Falcón	Buchivacoa	Seque	11.01734690	-70.82958200	f
110306	Falcón	Buchivacoa	Zazarida	11.24438990	-70.47471600	f
110501	Falcón	Carirubana	Carirubana	11.69457520	-70.21925330	f
110502	Falcón	Carirubana	Norte	11.74589320	-69.90738880	f
110504	Falcón	Carirubana	Santa Ana	11.78267840	-69.94758950	f
110601	Falcón	Colina	La Vela de Coro	11.45897620	-69.56485380	f
110602	Falcón	Colina	Acurigua	11.30349150	-69.46250580	f
110603	Falcón	Colina	Guaibacoa	11.41937190	-69.46135700	f
110604	Falcón	Colina	Las Calderas	11.42017290	-69.62443520	f
110801	Falcón	Democracia	Pedregal	11.02402980	-70.11878830	f
110802	Falcón	Democracia	Agua Clara	11.16029000	-69.98082000	f
110803	Falcón	Democracia	Avaria	10.94333330	-70.28472220	f
110804	Falcón	Democracia	Piedra Grande	10.85000000	-69.93333300	f
110805	Falcón	Democracia	Purureche	10.85000000	-70.05000000	f
110901	Falcón	Falcon	Pueblo Nuevo	11.94982420	-69.91632250	f
110903	Falcón	Falcon	Baraived	11.88700070	-69.85527350	f
110904	Falcón	Falcon	Buena Vista	11.87487250	-69.94177750	f
110905	Falcón	Falcon	Jadacaquiva	11.90088980	-70.09338590	f
110906	Falcón	Falcon	Moruy	11.81948530	-69.98778790	f
110907	Falcón	Falcon	Adaure	11.85962020	-70.01756300	f
110908	Falcón	Falcon	El Hato	11.94950280	-69.83889360	f
111001	Falcón	Federacion	Churuguara	10.81287680	-69.54102020	f
111002	Falcón	Federacion	Agua Larga	10.88746300	-69.73320000	f
111003	Falcón	Federacion	El Pauji	10.81258280	-69.61793050	f
111004	Falcón	Federacion	Independencia	10.86391030	-69.62145620	f
111005	Falcón	Federacion	Maparari	10.79684720	-69.44419000	f
111101	Falcón	Jacura	Jacura	11.07388900	-68.85641500	f
111103	Falcón	Jacura	Araurima	10.93883490	-68.66380300	f
111201	Falcón	Los Taques	Los Taques	11.79195000	-70.23594700	f
111202	Falcón	Los Taques	Judibana	11.76366200	-70.19023170	f
111301	Falcón	Mauroa	Mene de Mauroa	10.68022000	-71.03453800	f
111302	Falcón	Mauroa	Casigua	11.01991000	-71.00470000	f
111401	Falcón	Miranda	San Antonio	11.28027700	-69.88810000	f
111402	Falcón	Miranda	San Gabriel	11.34006550	-69.88307450	f
111403	Falcón	Miranda	Santa Ana	11.39460400	-69.68103380	f
111404	Falcón	Miranda	Guzman Guillermo	11.34006550	-69.88307450	f
112502	Falcón	Zamora	La Cienaga	11.45394800	-69.36476100	f
112504	Falcón	Zamora	Pueblo Cumarebo	11.45445400	-69.31952690	f
112505	Falcón	Zamora	Zazarida	11.35886090	-69.33543170	f
031801	Anzoátegui	Simón Bolívar	El Carmen	10.08921040	-64.67275180	f
031802	Anzoátegui	Simón Bolívar	San Cristobal	8.90697720	-64.24852270	f
031803	Anzoátegui	Simón Bolívar	Bergantin	10.01734050	-64.36380720	f
031804	Anzoátegui	Simón Bolívar	Caigua	9.95058380	-64.84888080	f
031806	Anzoátegui	Simón Bolívar	Naricual	10.07819620	-64.61994690	f
231901	Zulia	Simón Bolívar	Manuel Manrique	10.30731380	-71.31117730	f
231902	Zulia	Simón Bolívar	Rafael Maria Baralt	10.20243630	-71.30357090	f
231903	Zulia	Simón Bolívar	Rafael Urdaneta	10.67123360	-71.64271540	f
130702	Lara	Simón Planas	Buria	9.89030790	-68.96153300	f
130703	Lara	Simón Planas	Gustavo Vegas Leon	9.88979570	-69.04933640	f
070108	Bolívar	Caroní	Vista al Sol	8.35120890	-62.62366330	f
070109	Bolívar	Caroní	Pozo Verde	8.16614790	-62.64863540	f
070110	Bolívar	Caroní	Yocoima	35.25619370	-88.98783890	f
070111	Bolívar	Caroní	Cinco de Julio	8.36131580	-62.66170500	f
140302	Mérida	Antonio Pinto Salinas	Mesa Bolívar	8.47364880	-71.59761630	f
110201	Falcón	Bolívar	San Luis	11.10573140	-69.71454430	f
110202	Falcón	Bolívar	Aracua	10.98222310	-69.58868680	f
120906	Guárico	Jose Tadeo Monagas	San Rafael de Orituco	9.81978400	-66.40631820	f
020302	Amazonas	Atures	Luis Alberto Gomez	5.67871700	-67.28478750	f
121002	Guárico	Ortiz	San Francisco de Tiznado	9.51800020	-67.60810660	f
121003	Guárico	Ortiz	San Jose de Tiznado	9.37968110	-67.56340310	f
121004	Guárico	Ortiz	San Lorenzo de Tiznado	9.62011240	-67.29074650	f
121202	Guárico	Juan German Roscio	Cantagallo	9.78805550	-67.41887230	f
121203	Guárico	Juan German Roscio	Parapara	9.70560770	-67.29110030	f
121301	Guárico	San Jose de Guaribe	San Jose de Guaribe	9.86354360	-65.81147720	f
020303	Amazonas	Atures	Parhueña	5.67871700	-67.28478750	f
121402	Guárico	Santa Maria de Ipire	Altamira	8.81804000	-65.31919170	f
110701	Falcón	Dabajuro	Dabajuro	11.01839050	-70.68028500	f
140101	Mérida	Alberto Adriani	Presidente Betancourt	8.61705430	-71.66307510	f
140102	Mérida	Alberto Adriani	Presidente Paez	8.61705430	-71.66307510	f
140104	Mérida	Alberto Adriani	Gabriel Picon Gonzalez	8.60681030	-71.71479510	f
140105	Mérida	Alberto Adriani	Hector Amable Mora	8.60681030	-71.71479510	f
140106	Mérida	Alberto Adriani	Jose Nucete Sardi	8.74083540	-71.65254740	f
140107	Mérida	Alberto Adriani	Pulido Mendez	8.60681030	-71.71479510	f
140303	Mérida	Antonio Pinto Salinas	Mesa de Las Palmas	8.41797780	-71.58574780	f
140802	Mérida	Cardenal Quintero	Las Piedras	8.89043670	-70.63802940	f
140902	Mérida	Guaraque	Mesa de Quintero	8.09306400	-71.61843100	f
140903	Mérida	Guaraque	Rio Negro	8.21862990	-71.67714700	f
141002	Mérida	Julio Cesar Salas	Palmira	9.12029300	-70.86570700	f
141102	Mérida	Justo Briceño	San Cristobal de Torondoy	9.03944800	-71.01017000	f
141201	Mérida	Libertador	Antonio Spinetti Dini	8.61277670	-71.14782230	f
141202	Mérida	Libertador	Arias	8.59448350	-71.14791690	f
141203	Mérida	Libertador	Caracciolo Parra Perez	8.59883160	-71.18346930	f
141204	Mérida	Libertador	Domingo Peña	8.57664780	-71.15970500	f
141205	Mérida	Libertador	El Llano	8.59386740	-71.15005040	f
141206	Mérida	Libertador	Gonzalo Picon Febres	8.67118660	-71.10920120	f
141207	Mérida	Libertador	Jacinto Plaza	8.56150900	-71.17158730	f
141208	Mérida	Libertador	Juan Rodriguez  Suarez	8.55745560	-71.19535090	f
141209	Mérida	Libertador	Lasso de la Vega	8.60131250	-71.19064940	f
141210	Mérida	Libertador	Mariano Picon Salas	8.60625460	-71.17455790	f
141211	Mérida	Libertador	Milla	8.60252460	-71.13965280	f
141212	Mérida	Libertador	Osuna Rodriguez	8.57903630	-71.20723210	f
141213	Mérida	Libertador	Sagrario	8.59534780	-71.14039550	f
141214	Mérida	Libertador	El Morro	8.44112200	-71.18814900	f
141215	Mérida	Libertador	Los Nevados	8.46059790	-71.08066500	f
141302	Mérida	Miranda	Andres Eloy Blanco	8.98303420	-70.73949330	f
141303	Mérida	Miranda	La Venta	8.93333300	-70.81666700	f
141304	Mérida	Miranda	Piñango	9.03009400	-70.88341500	f
141402	Mérida	Obispo Ramos de Lora	Eloy Paredes	8.86527950	-71.40618760	f
141403	Mérida	Obispo Ramos de Lora	San Rafael de Alcazar	8.86527950	-71.40618760	f
141802	Mérida	Rivas Davila	Geronimo Maldonado	8.21351270	-71.83341450	f
142002	Mérida	Sucre	Chiguara	8.48913630	-71.53826980	f
142003	Mérida	Sucre	Estanques	8.46188520	-71.51749610	f
142004	Mérida	Sucre	La Trampa	8.54095460	-71.45739390	f
142005	Mérida	Sucre	Pueblo Nuevo del Sur	8.43537310	-71.42058640	f
142006	Mérida	Sucre	San Juan	8.50248490	-71.35571650	f
142101	Mérida	Tovar	El Amparo	8.35704990	-71.76564000	f
142103	Mérida	Tovar	San Francisco	8.28736660	-71.73259080	f
142104	Mérida	Tovar	Tovar	8.32793340	-71.75928250	f
142202	Mérida	Tulio Febres Cordero	Independencia	9.05891150	-71.07354760	f
142203	Mérida	Tulio Febres Cordero	Maria de la Concepcion Palacios Blanco	9.05891150	-71.07354760	f
142204	Mérida	Tulio Febres Cordero	Santa Apolonia	8.98713100	-71.06552100	f
141501	Mérida	Padre Noguera	Santa María de Caparo	7.76666700	-71.46666700	f
141601	Mérida	Pueblo Llano	Pueblo Llano	8.91424870	-70.65885640	f
141901	Mérida	Santos Marquina	Tabay	8.63232210	-71.06760500	f
200201	Táchira	Antonio Romulo Costa	Las Mesas	8.17136380	-72.17123090	f
200101	Táchira	Andres Bello	Cordero	7.85535850	-72.18011560	f
201001	Táchira	Guásimos	Palmira	7.86511840	-72.22453500	f
201801	Táchira	Michelena	Michelena	7.95743440	-72.24526170	f
010101	Distrito Capital	Bolivariano Libertador	Altagracia	10.48729050	-66.88483360	f
202401	Táchira	Seboruco	Seboruco	8.14563760	-72.07245620	f
202501	Táchira	Simón Rodríguez	San Simón	8.34816000	-71.85849000	f
202701	Táchira	Torbes	San Josecito	7.73518600	-72.16475490	f
220201	Yaracuy	Bolívar	Aroa	10.43120950	-68.89285580	f
202101	Táchira	Rafael Urdaneta	Delicias	7.56832110	-72.44504670	f
200401	Táchira	Bolívar	San Antonio del Táchira	7.81438380	-72.44060870	f
201301	Táchira	Jose Maria Vargas	El Cobre	8.01725300	-72.06163040	f
010102	Distrito Capital	Bolivariano Libertador	Antimano	10.48056410	-66.95448690	f
200303	Táchira	Ayacucho	San Pedro del Rio	7.99632120	-72.26746710	f
200501	Táchira	Cardenas	Cardenas	7.83942170	-72.18178140	f
200502	Táchira	Cardenas	Amenodoro Rangel Lamus	7.80832490	-72.11791690	f
200503	Táchira	Cardenas	La Florida	7.78333300	-72.05000000	f
200701	Táchira	Fernandez Feo	Fernandez Feo	7.53282380	-71.99940670	f
200702	Táchira	Fernandez Feo	Alberto Adriani	7.53282380	-71.99940670	f
200703	Táchira	Fernandez Feo	Santo Domingo	7.56854480	-72.01570460	f
200901	Táchira	Garcia de Hevia	Garcia de Hevia	8.23732380	-72.26864810	f
200902	Táchira	Garcia de Hevia	Boca de Grita	8.38128290	-72.28375000	f
201201	Táchira	Jauregui	Jauregui	8.21790300	-71.92827810	f
201202	Táchira	Jauregui	Emilio Constantino Guerrero	8.21790300	-71.92827810	f
201203	Táchira	Jauregui	Monseñor Miguel Antonio Salas	8.21790300	-71.92827810	f
201402	Táchira	Junin	La Petrolea	7.63871690	-72.32371310	f
201403	Táchira	Junin	Quinimari	7.61207040	-72.40214230	f
201501	Táchira	Libertad	Libertad	7.86031310	-72.35479150	f
201502	Táchira	Libertad	Cipriano Castro	7.86031310	-72.35479150	f
201503	Táchira	Libertad	Manuel Felipe Rugeles	7.74196090	-72.24082040	f
201601	Táchira	Libertador	Libertador	7.78845280	-72.23404940	f
201603	Táchira	Libertador	Doradas	7.76466880	-72.21107760	f
201604	Táchira	Libertador	San Joaquin de Navay	7.54573000	-71.50827000	f
201701	Táchira	Lobatera	Lobatera	7.93006160	-72.24674210	f
201702	Táchira	Lobatera	Constitucion	7.93006160	-72.24674210	f
201901	Táchira	Panamericano	Panamericano	8.39272250	-72.03627900	f
201902	Táchira	Panamericano	La Palmita	9.53874560	-70.63197890	f
202002	Táchira	Pedro Maria Ureña	Nueva Arcadia	7.92162850	-72.44356740	f
202201	Táchira	Samuel Dario Maldonado	Samuel Dario Maldonado	8.14563760	-72.07245620	f
201102	Táchira	Capacho Nuevo	Juan German Roscio	7.91370010	-72.14161320	f
201103	Táchira	Capacho Nuevo	Roman Cárdenas	7.91370010	-72.14161320	f
202202	Táchira	Samuel Dario Maldonado	Bocono	8.48407220	-71.92383200	f
202203	Táchira	Samuel Dario Maldonado	Hernandez	8.39246300	-71.83758500	f
202301	Táchira	San Cristobal	La Concordia	7.75460810	-72.23193760	f
202302	Táchira	San Cristobal	Pedro Maria Morantes	7.77135720	-72.22614660	f
202303	Táchira	San Cristobal	San Juan Bautista	7.77135720	-72.22614660	f
202305	Táchira	San Cristobal	Dr Francisco Romero Lobo	7.77135720	-72.22614660	f
202601	Táchira	Sucre	Sucre	7.76373310	-72.20595830	f
202602	Táchira	Sucre	Eleazar Lopez Contreras	7.84588970	-72.02311250	f
202603	Táchira	Sucre	San Pablo	7.82693530	-71.97718080	f
202801	Táchira	Uribante	Uribante	7.84305560	-71.78500000	f
202802	Táchira	Uribante	Cardenas	7.65671960	-72.08983890	f
202804	Táchira	Uribante	Potosi	7.95407200	-71.64798700	f
110203	Falcón	Bolívar	La Peña	11.10475900	-69.74820690	f
170502	Nueva Esparta	Gómez	Bolívar	10.90145030	-64.09982260	f
200402	Táchira	Bolívar	Palotal	7.85616550	-72.44060870	f
200403	Táchira	Bolívar	Juan Vicente Gomez	7.83999600	-72.43968200	f
200404	Táchira	Bolívar	Isaias Medina Angarita	7.77372330	-72.23085370	f
170503	Nueva Esparta	Gómez	Guevara	11.05122860	-63.90837480	f
170505	Nueva Esparta	Gómez	Sucre	11.06977670	-63.92604490	f
121102	Guárico	José Félix Ribas	San Rafael de Laya	9.57325540	-65.62426030	f
130505	Lara	Morán	Humocaro Alto	9.60634940	-69.98927670	f
130506	Lara	Morán	Humocaro Bajo	9.67561410	-69.97587750	f
130507	Lara	Morán	La Candelaria	9.76881490	-69.81208940	f
130508	Lara	Morán	Moran	9.79552460	-69.79311340	f
130501	Lara	Morán	Bolívar	9.68055420	-69.97167210	f
201401	Táchira	Junin	Junin	7.70539970	-72.34838650	f
200601	Táchira	Cordoba	Santa Ana del Táchira	7.64379120	-72.28967090	f
010103	Distrito Capital	Bolivariano Libertador	Candelaria	10.48729050	-66.88483360	f
010105	Distrito Capital	Bolivariano Libertador	Catedral	10.47760820	-66.92731930	f
010106	Distrito Capital	Bolivariano Libertador	Coche	10.44783870	-66.92309100	f
010107	Distrito Capital	Bolivariano Libertador	El Junquito	10.47760820	-66.92731930	f
010108	Distrito Capital	Bolivariano Libertador	EL Paraiso	10.47487970	-66.94537530	f
010109	Distrito Capital	Bolivariano Libertador	El Recreo	10.47760820	-66.92731930	f
010110	Distrito Capital	Bolivariano Libertador	El Valle	10.45998200	-66.91874520	f
010112	Distrito Capital	Bolivariano Libertador	La Vega	10.44633490	-66.94332770	f
010113	Distrito Capital	Bolivariano Libertador	Macarao	10.47760820	-66.92731930	f
050601	Aragua	Jose Rafael Revenga	El Consejo	10.23853730	-67.27584910	f
051001	Aragua	San Sebastián	San Sebastián	9.94559380	-67.17157390	f
010114	Distrito Capital	Bolivariano Libertador	San Agustin	10.48729050	-66.88483360	f
020101	Amazonas	Alto Orinoco	Huachamacare	2.51221980	-64.71624150	f
050501	Aragua	José Félix Ribas	Urbana Juan Vicente Bolívar y Ponte	10.19282320	-67.33246020	f
050502	Aragua	José Félix Ribas	Urbana Castor Nieves Rios	10.19282320	-67.33246020	f
050503	Aragua	José Félix Ribas	No Urbana Las Guacamayas	10.19282320	-67.33246020	f
050504	Aragua	José Félix Ribas	No Urbana Pao de Zarate	10.19282320	-67.33246020	f
040101	Apure	Achaguas	Urbana Achaguas	7.78185750	-68.22418820	f
040102	Apure	Achaguas	Apurito	7.92163250	-68.47925410	f
040201	Apure	Biruaca	Urbana Biruaca	7.84266830	-67.51721110	f
040301	Apure	Muñoz	Urbana Bruzual	8.04728100	-69.33394180	f
040302	Apure	Muñoz	Mantecal	7.56377370	-69.14172780	f
040303	Apure	Muñoz	Quintero	7.79011850	-69.81283400	f
040305	Apure	Muñoz	San Vicente	7.99269220	-69.49930990	f
040401	Apure	Paez	Urbana Guasdualito	7.23978060	-70.70495200	f
040402	Apure	Paez	Aramendi	7.89199500	-67.46841610	f
040403	Apure	Paez	El Amparo	7.10220870	-70.75401660	f
040405	Apure	Paez	Urdaneta	7.24434300	-70.72890490	f
040501	Apure	Pedro Camejo	Urbana San Juan de Payara	7.64574040	-67.60810660	f
040502	Apure	Pedro Camejo	Codazzi	6.72091220	-67.57085360	f
040503	Apure	Pedro Camejo	Cunaviche	7.37660200	-67.42276000	f
040601	Apure	Romulo Gallegos	Urbana Elorza	7.06344880	-69.49642880	f
040602	Apure	Romulo Gallegos	La Trinidad	7.18697550	-69.07168970	f
040701	Apure	San Fernando	Urbana San Fernando	7.88068880	-67.46953070	f
040702	Apure	San Fernando	El Recreo	7.86612510	-67.43675150	f
040703	Apure	San Fernando	Peñalver	7.88068880	-67.46953070	f
040704	Apure	San Fernando	San Rafael de Atamaica	7.52033800	-67.40670000	f
050201	Aragua	Camatagua	Camatagua	9.79122310	-66.90944990	f
050202	Aragua	Camatagua	No Urbana Carmen de Cura	9.79370240	-66.83499860	f
050302	Aragua	Girardot	No Urbana Choroni	10.48853150	-67.61226340	f
050303	Aragua	Girardot	Urbana Las Delicias	10.28333300	-67.55000000	f
050304	Aragua	Girardot	Urbana Madre Maria de San Jose	10.40121730	-67.59469540	f
050305	Aragua	Girardot	Urbana Joaquin Crespo	10.40121730	-67.59469540	f
050306	Aragua	Girardot	Urbana Pedro Jose Ovalles	10.40121730	-67.59469540	f
050307	Aragua	Girardot	Urbana Jose Casanova Godoy	10.40121730	-67.59469540	f
050308	Aragua	Girardot	Urbana Andres Eloy Blanco	10.40121730	-67.59469540	f
050309	Aragua	Girardot	Urbana Los Tacariguas	10.40121730	-67.59469540	f
050701	Aragua	Libertador	Libertador	10.18266100	-67.56656350	f
050702	Aragua	Libertador	No Urbana San Martin de Porres	10.15668980	-67.55893290	f
050801	Aragua	Mario Briceño Iragorry	Mario Briceño Iragorry	10.30669000	-67.63425780	f
050802	Aragua	Mario Briceño Iragorry	Urbana Caña de Azucar	10.30904430	-67.63045880	f
050901	Aragua	San Casimiro	San Casimiro	9.99952310	-67.01369390	f
050902	Aragua	San Casimiro	No Urbana Guiripa	10.04402400	-67.01629600	f
050101	Aragua	Bolívar	San Mateo	10.21265460	-67.42483200	f
010115	Distrito Capital	Bolivariano Libertador	San Bernardino	10.48729050	-66.88483360	f
010116	Distrito Capital	Bolivariano Libertador	San Jose	10.47100220	-66.94703670	f
010117	Distrito Capital	Bolivariano Libertador	San Juan	10.46735940	-66.97059850	f
010118	Distrito Capital	Bolivariano Libertador	San Pedro	10.47253330	-66.96173310	f
010119	Distrito Capital	Bolivariano Libertador	Santa Rosalia	10.47760820	-66.92731930	f
010120	Distrito Capital	Bolivariano Libertador	Santa Teresa	10.48729050	-66.88483360	f
010121	Distrito Capital	Bolivariano Libertador	Sucre	10.46728870	-66.95052850	f
010122	Distrito Capital	Bolivariano Libertador	23 de Enero	10.44633490	-66.94332770	f
051103	Aragua	Santiago Mariño	No Urbana Chuao	10.48981430	-67.52764140	f
051105	Aragua	Santiago Mariño	No Urbana Alfredo Pacheco Miranda	10.39422140	-67.49933070	f
051201	Aragua	Santos Michelena	Santos Michelena	10.19810660	-67.11795110	f
051202	Aragua	Santos Michelena	No Urbana Tiara	10.13216900	-67.15623500	f
051301	Aragua	Sucre	Sucre	10.18557620	-67.46281140	f
051302	Aragua	Sucre	No Urbana Bella Vista	10.17083320	-67.46357080	f
051501	Aragua	Urdaneta	Urdaneta	10.17643150	-67.51492030	f
051602	Aragua	Zamora	No Urbana Magdaleno	10.10035530	-67.61555730	f
051603	Aragua	Zamora	No Urbana San Francisco de Asis	10.06035320	-67.42353080	f
051604	Aragua	Zamora	No Urbana Valles de Tucutunemo	10.06035320	-67.42353080	f
051605	Aragua	Zamora	No Urbana Augusto Mijares	10.06035320	-67.42353080	f
051702	Aragua	Francisco Linares Alcantara	No Urbana Francisco de Miranda	10.21232330	-67.52913150	f
051703	Aragua	Francisco Linares Alcantara	No Urbana Monseñor Feliciano Gonzalez	10.21232330	-67.52913150	f
060101	Barinas	Alberto Arvelo Torrealba	Sabaneta	8.76101610	-69.93716730	f
060102	Barinas	Alberto Arvelo Torrealba	Rodriguez Dominguez	8.89201030	-70.03980040	f
050505	Aragua	José Félix Ribas	No Urbana Zuata	10.16807500	-67.38907430	f
060201	Barinas	Antonio Jose de Sucre	Ticoporo	8.15916200	-70.84058400	f
060202	Barinas	Antonio Jose de Sucre	Andres Bello	8.09775430	-70.71684690	f
060203	Barinas	Antonio Jose de Sucre	Nicolas Pulido	8.09775430	-70.71684690	f
060301	Barinas	Arismendi	Arismendi	8.47920440	-68.37119070	f
060303	Barinas	Arismendi	La Union	8.47920440	-68.37119070	f
060304	Barinas	Arismendi	San Antonio	7.96585900	-68.43332700	f
060401	Barinas	Barinas	Barinas	8.62314980	-70.23710450	f
060402	Barinas	Barinas	Alfredo Arvelo Larriva	8.62314980	-70.23710450	f
060403	Barinas	Barinas	San Silvestre	8.27969660	-70.10911300	f
060404	Barinas	Barinas	Santa Ines	8.26313300	-69.90153500	f
060405	Barinas	Barinas	Santa Lucia	8.10128050	-69.77783830	f
060406	Barinas	Barinas	Torunos	8.50135430	-70.08157490	f
060407	Barinas	Barinas	El Carmen	8.62629660	-70.21872460	f
060408	Barinas	Barinas	Romulo Betancourt	8.62314980	-70.23710450	f
060409	Barinas	Barinas	Corazon de Jesus	8.62314980	-70.23710450	f
060410	Barinas	Barinas	Ramon Ignacio Mendez	8.62314980	-70.23710450	f
060411	Barinas	Barinas	Alto Barinas	8.59207000	-70.22508200	f
060412	Barinas	Barinas	Manuel Palacio Fajardo	8.62314980	-70.23710450	f
060413	Barinas	Barinas	Juan Antonio Rodriguez Dominguez	8.62314980	-70.23710450	f
060414	Barinas	Barinas	Dominga Ortiz de Paez	8.59804850	-70.18816690	f
060601	Barinas	Cruz Paredes	Barrancas	8.76033270	-70.11581130	f
060702	Barinas	Ezequiel Zamora	Jose Ignacio del Pumar	8.31367590	-70.05031400	f
060703	Barinas	Ezequiel Zamora	Pedro Briceño Mendez	8.31367590	-70.05031400	f
060704	Barinas	Ezequiel Zamora	Ramon Ignacio Mendez	8.31367590	-70.05031400	f
060801	Barinas	Obispos	Obispos	8.60938130	-70.10241470	f
060802	Barinas	Obispos	El Real	8.43628670	-69.99597620	f
060803	Barinas	Obispos	La Luz	8.39410910	-69.82549160	f
060804	Barinas	Obispos	Los Guasimitos	8.65517000	-70.19811260	f
060901	Barinas	Pedraza	Ciudad Bolivia	8.35371580	-70.57706320	f
060902	Barinas	Pedraza	Ignacio Briceño	8.07899840	-70.33606910	f
060903	Barinas	Pedraza	Jose Felix Ribas	8.07899840	-70.33606910	f
060904	Barinas	Pedraza	Paez	8.07899840	-70.33606910	f
061001	Barinas	Rojas	Libertad	8.32534580	-69.63039310	f
061002	Barinas	Rojas	Dolores	8.28557890	-69.56485380	f
061003	Barinas	Rojas	Palacios Fajardo	8.49879460	-69.62145620	f
061004	Barinas	Rojas	Santa Rosa	8.43939260	-69.70039560	f
061005	Barinas	Rojas	Simon Rodriguez	8.49879460	-69.62145620	f
061101	Barinas	Sosa	Ciudad de Nutrias	8.09745210	-69.30712300	f
130701	Lara	Simón Planas	Sarare	9.78909230	-69.16556980	f
130101	Lara	Andres Eloy Blanco	Pio Tamayo	9.75111290	-69.52612380	f
130102	Lara	Andres Eloy Blanco	Quebrada Honda de Guache	9.65277780	-69.55055560	f
130103	Lara	Andres Eloy Blanco	Yacambu	9.65277780	-69.55055560	f
130201	Lara	Crespo	Freitez	10.31958290	-69.14470810	f
130202	Lara	Crespo	Jose Maria Blanco	10.31958290	-69.14470810	f
130301	Lara	Iribarren	Catedral	10.01864480	-69.40694520	f
130302	Lara	Iribarren	Concepcion	10.06906690	-69.32649210	f
130303	Lara	Iribarren	El Cuji	10.15516440	-69.30563300	f
130305	Lara	Iribarren	Santa Rosa	10.06699950	-69.27434360	f
130306	Lara	Iribarren	Tamaca	10.18698840	-69.30563300	f
130307	Lara	Iribarren	Union	10.08677200	-69.33394180	f
130308	Lara	Iribarren	Aguedo Felipe Alvarado	10.37804550	-69.38310790	f
130309	Lara	Iribarren	Buena Vista	9.89124000	-69.48441290	f
130310	Lara	Iribarren	Juarez	10.03274430	-69.26155520	f
130401	Lara	Jimenez	Juan Bautista Rodriguez	10.00509380	-69.52612380	f
130402	Lara	Jimenez	Cuara	9.88571640	-69.60656120	f
130408	Lara	Jimenez	Coronel Mariano Peraza	10.00509380	-69.52612380	f
130601	Lara	Palavecino	Cabudare	10.01921910	-69.25199360	f
130602	Lara	Palavecino	Jose Gregorio Bastidas	10.10427760	-69.27732360	f
051801	Aragua	Ocumare de La Costa de Oro	Ocumare de La Costa de Oro	10.41165850	-67.73775400	f
130603	Lara	Palavecino	Agua Viva	10.02271100	-69.27899260	f
130802	Lara	Torres	Antonio Diaz	10.17781540	-70.24083250	f
130803	Lara	Torres	Camacaro	10.18020000	-70.06756350	f
130804	Lara	Torres	Castañeda	10.18020000	-70.06756350	f
130805	Lara	Torres	Cecilio Zubillaga	10.17781540	-70.24083250	f
130806	Lara	Torres	Chiquinquira	10.17821970	-70.07857020	f
130807	Lara	Torres	El Blanco	10.17602080	-70.08978050	f
130809	Lara	Torres	Lara	10.17781540	-70.24083250	f
130810	Lara	Torres	Las Mercedes	10.14138890	-69.85083330	f
060501	Barinas	Bolívar	Barinitas	8.75482370	-70.40153500	f
060502	Barinas	Bolívar	Altamira	8.82176240	-70.50120660	f
060503	Barinas	Bolívar	Calderas	8.91719880	-70.44616640	f
130502	Lara	Morán	Anzoategui	9.60362660	-69.89994400	f
130504	Lara	Morán	Hilario Luna y Luna	9.76881490	-69.81208940	f
151801	Bolivariano de Miranda	Simón Bolívar	San Francisco de Yare	10.23316460	-66.60573780	f
151802	Bolivariano de Miranda	Simón Bolívar	San Antonio de Yare	10.23316460	-66.60573780	f
152102	Bolivariano de Miranda	Zamora	Bolívar	10.44651080	-66.48386810	f
150101	Bolivariano de Miranda	Acevedo	Caucagua	10.29143850	-66.37655980	f
150102	Bolivariano de Miranda	Acevedo	Araguita	10.21949020	-66.45988700	f
150103	Bolivariano de Miranda	Acevedo	Arevalo Gonzalez	10.40000000	-66.30000000	f
150104	Bolivariano de Miranda	Acevedo	Capaya	10.42663490	-66.27506300	f
150105	Bolivariano de Miranda	Acevedo	El Cafe	10.40840000	-66.28541600	f
150106	Bolivariano de Miranda	Acevedo	Marizapa	10.27962270	-66.35870560	f
150107	Bolivariano de Miranda	Acevedo	Panaquire	10.21629230	-66.23894840	f
150108	Bolivariano de Miranda	Acevedo	Ribas	10.40000000	-66.30000000	f
150201	Bolivariano de Miranda	Andres Bello	San Jose de Barlovento	10.19894130	-66.02256310	f
150202	Bolivariano de Miranda	Andres Bello	Cumbo	10.22933780	-66.08724580	f
150301	Bolivariano de Miranda	Baruta	Baruta	10.43486900	-66.87445690	f
150302	Bolivariano de Miranda	Baruta	El Cafetal	10.46963600	-66.82864760	f
150303	Bolivariano de Miranda	Baruta	Las Minas de Baruta	10.43486900	-66.87445690	f
150401	Bolivariano de Miranda	Brion	Higuerote	10.46852200	-66.10594840	f
150402	Bolivariano de Miranda	Brion	Curiepe	10.48333300	-66.16666700	f
150403	Bolivariano de Miranda	Brion	Tacarigua	10.54410760	-66.16532240	f
150501	Bolivariano de Miranda	Buroz	Mamporal	10.36932330	-66.13557750	f
150601	Bolivariano de Miranda	Carrizal	Carrizal	10.38461690	-67.01667250	f
150701	Bolivariano de Miranda	Chacao	Chacao	10.49386810	-66.85658870	f
150801	Bolivariano de Miranda	Cristobal Rojas	Charallave	10.21100180	-66.86775630	f
150802	Bolivariano de Miranda	Cristobal Rojas	Las Brisas	10.25709240	-66.78437600	f
150901	Bolivariano de Miranda	El Hatillo	El Hatillo	10.42370400	-66.82532000	f
151001	Bolivariano de Miranda	Bolivariano Guaicaipuro	Los Teques	10.27491060	-67.02262970	f
151002	Bolivariano de Miranda	Bolivariano Guaicaipuro	Altagracia de La Montaña	10.27491060	-67.02262970	f
151003	Bolivariano de Miranda	Bolivariano Guaicaipuro	Cecilio Acosta	10.27491060	-67.02262970	f
151004	Bolivariano de Miranda	Bolivariano Guaicaipuro	El Jarillo	10.27491060	-67.02262970	f
151005	Bolivariano de Miranda	Bolivariano Guaicaipuro	Paracotos	10.27491060	-67.02262970	f
151006	Bolivariano de Miranda	Bolivariano Guaicaipuro	San Pedro	10.27491060	-67.02262970	f
151007	Bolivariano de Miranda	Bolivariano Guaicaipuro	Tacata	10.27491060	-67.02262970	f
151101	Bolivariano de Miranda	Independencia	Santa Teresa del Tuy	10.25093030	-66.42714990	f
151102	Bolivariano de Miranda	Independencia	El Cartanal	10.25093030	-66.42714990	f
151201	Bolivariano de Miranda	Lander	Ocumare del Tuy	10.13647090	-66.57001600	f
151202	Bolivariano de Miranda	Lander	La Democracia	10.13647090	-66.57001600	f
151203	Bolivariano de Miranda	Lander	Santa Barbara	10.13647090	-66.57001600	f
151301	Bolivariano de Miranda	Los Salias	San Antonio de Los Altos	10.36963930	-66.95710260	f
151401	Bolivariano de Miranda	Paez	Rio Chico	10.33854080	-65.97156500	f
151402	Bolivariano de Miranda	Paez	El Guapo	10.14679160	-65.97052590	f
151403	Bolivariano de Miranda	Paez	Tacarigua de La Laguna	10.30508310	-65.87721400	f
151404	Bolivariano de Miranda	Paez	Paparo	10.38333300	-65.98333300	f
151405	Bolivariano de Miranda	Paez	San Fernando del Guapo	10.23317320	-65.92741380	f
151501	Bolivariano de Miranda	Paz Castillo	Santa Lucia	10.36824080	-66.59383030	f
151601	Bolivariano de Miranda	Pedro Gual	Cupira	10.16068570	-65.69854280	f
151602	Bolivariano de Miranda	Pedro Gual	Machurucuto	10.20414530	-65.65694290	f
151701	Bolivariano de Miranda	Plaza	Guarenas	10.46626290	-66.61688210	f
151901	Bolivariano de Miranda	Sucre	Petare	10.47045170	-66.79926460	f
151902	Bolivariano de Miranda	Sucre	Caucaguita	10.48686730	-66.73971200	f
151903	Bolivariano de Miranda	Sucre	Fila de Mariche	10.47626760	-66.77246530	f
151904	Bolivariano de Miranda	Sucre	La Dolorita	10.47626760	-66.77246530	f
151905	Bolivariano de Miranda	Sucre	Leoncio Martinez	10.47626760	-66.77246530	f
152001	Bolivariano de Miranda	Urdaneta	Cua	10.17091670	-66.89158090	f
152002	Bolivariano de Miranda	Urdaneta	Nueva Cua	10.17091670	-66.89158090	f
152101	Bolivariano de Miranda	Zamora	Guatire	10.45974660	-66.55810920	f
160102	Monagas	Acosta	San Francisco	10.09642060	-63.74591440	f
160301	Monagas	Bolívar	Caripito	10.10730450	-63.10307660	f
170101	Nueva Esparta	Antolin del Campo	La Plaza de Paragachí	11.09871740	-63.86110270	f
170801	Nueva Esparta	Mariño	Porlamar	10.95702210	-63.86996550	f
180101	Portuguesa	Agua Blanca	Agua Blanca	9.66409650	-69.10596400	f
160402	Monagas	Caripe	El Guacharo	10.17569110	-63.50685200	f
160403	Monagas	Caripe	La Guanota	10.21239370	-63.52981620	f
160404	Monagas	Caripe	Sabana de Piedra	10.22214550	-63.55553030	f
160406	Monagas	Caripe	Teresen	10.18179840	-63.48509750	f
160502	Monagas	Cedeño	Areo	9.75000000	-63.81666700	f
160504	Monagas	Cedeño	Viento Fresco	9.76666700	-63.66666700	f
160602	Monagas	Ezequiel Zamora	El Tejero	9.63974690	-63.67062820	f
160702	Monagas	Libertador	Chaguaramas	8.66603350	-62.77648300	f
142102	Mérida	Tovar	El Llano	8.31896870	-71.76373090	f
160704	Monagas	Libertador	Tabasca	8.59472420	-62.92059180	f
160802	Monagas	Maturin	Alto de los Godos	9.72815940	-63.20091860	f
160803	Monagas	Maturin	Boqueron	9.77321240	-63.21205310	f
160805	Monagas	Maturin	San Simon	9.73797040	-63.18554020	f
160806	Monagas	Maturin	Santa Cruz	9.72347780	-63.25919300	f
160807	Monagas	Maturin	El Corozo	9.69143360	-63.37267080	f
160808	Monagas	Maturin	El Furrial	9.68575620	-63.44196330	f
160809	Monagas	Maturin	Jusepin	9.75496680	-63.46408240	f
160810	Monagas	Maturin	La Pica	9.77182440	-63.13530480	f
160902	Monagas	Piar	Aparicio	10.01676340	-63.57146640	f
160903	Monagas	Piar	Chaguaramal	9.84013440	-63.38741210	f
160904	Monagas	Piar	El Pinto	9.74643670	-63.18364590	f
160905	Monagas	Piar	Guanaguana	10.07550470	-63.60569430	f
160907	Monagas	Piar	Taguaya	9.94037960	-63.45818380	f
161002	Monagas	Punceres	Cachipo	9.91573730	-63.13988680	f
170302	Nueva Esparta	Diaz	Zabala	10.98282980	-63.98225520	f
170402	Nueva Esparta	Garcia	Francisco Fajardo	10.98082120	-63.83303910	f
170602	Nueva Esparta	Maneiro	Aguirre	10.99707230	-63.91132960	f
170902	Nueva Esparta	Peninsula de Macanao	San Francisco	11.02166300	-64.29687190	f
171002	Nueva Esparta	Tubores	Los Barales	10.91275910	-64.12416460	f
180202	Portuguesa	Araure	Rio Acarigua	9.51664010	-69.27285360	f
180302	Portuguesa	Esteller	Uveral	9.17167700	-69.11870600	f
180402	Portuguesa	Guanare	Cordoba	9.38807310	-69.85837120	f
180404	Portuguesa	Guanare	San Juan de Guanaguanare	9.06498030	-69.80315450	f
180405	Portuguesa	Guanare	Virgen de la Coromoto	9.01504840	-69.72050160	f
180502	Portuguesa	Guanarito	Trinidad de la Capilla	8.68904940	-68.98078460	f
180503	Portuguesa	Guanarito	Divina Pastora	8.69954840	-69.21027250	f
180602	Portuguesa	Monseñor Jose Vicente de Unda	Peña Blanca	9.09439990	-69.09702300	f
180702	Portuguesa	Ospino	Aparicion	9.37758860	-69.38459770	f
180703	Portuguesa	Ospino	La Estacion	9.29663180	-69.45759790	f
180802	Portuguesa	Paez	Payara	9.49553310	-69.08063090	f
180803	Portuguesa	Paez	Pimpinela	9.62871850	-68.97388460	f
180804	Portuguesa	Paez	Ramon Peraza	9.55865530	-69.14470810	f
180902	Portuguesa	Papelon	Caño Delgadito	8.80000000	-69.45000000	f
181002	Portuguesa	San Genaro de Boconoito	Antolin Tovar	8.84666180	-69.97289990	f
181102	Portuguesa	San Rafael de Onoto	Santa Fe	9.56560740	-68.97258800	f
181103	Portuguesa	San Rafael de Onoto	Thermo Morles	9.65822760	-68.97184290	f
181202	Portuguesa	Santa Rosalia	Florida	8.95098600	-69.01783000	f
181302	Portuguesa	Sucre	Concepcion	9.35775640	-70.00267560	f
181303	Portuguesa	Sucre	San Rafael de Palo Alzado	9.35775640	-70.00267560	f
181304	Portuguesa	Sucre	Uvencio Antonio Velasquez	9.35775640	-70.00267560	f
161301	Monagas	Uracoa	Uracoa	8.99564880	-62.35211520	f
181305	Portuguesa	Sucre	San Jose de Saguaz	9.35775640	-70.00267560	f
181306	Portuguesa	Sucre	Villa Rosa	9.32861300	-69.91905190	f
181402	Portuguesa	Turen	Canelones	9.33102390	-69.11490510	f
181403	Portuguesa	Turen	Santa Cruz	9.20000000	-68.65000000	f
190101	Sucre	Andres Eloy Blanco	Mariño	10.46354520	-64.18268340	f
190102	Sucre	Andres Eloy Blanco	Romulo Gallegos	10.47303920	-64.15939070	f
190201	Sucre	Andres Mata	San Jose de Aerocuar	10.60549400	-63.31827070	f
190202	Sucre	Andres Mata	Tavera Acosta	10.49475650	-63.35695040	f
190302	Sucre	Arismendi	Antonio Jose de Sucre	10.45673380	-64.17924890	f
190303	Sucre	Arismendi	El Morro de Puerto Santo	10.71366940	-63.15903060	f
190304	Sucre	Arismendi	Puerto Santo	10.70000000	-63.16666700	f
190305	Sucre	Arismendi	San Juan de Las Galdonas	10.70888190	-62.84558370	f
190401	Sucre	Benitez	El Pilar	10.54844900	-63.15534900	f
190403	Sucre	Benitez	General Francisco Antonio Vasquez	10.37168560	-62.92059180	f
190404	Sucre	Benitez	Guaraunos	10.55574910	-63.12295330	f
190405	Sucre	Benitez	Tunapuicito	10.37168560	-62.92059180	f
190406	Sucre	Benitez	Union	10.37168560	-62.92059180	f
190701	Sucre	Cajigal	Yaguaraparo	10.57038090	-62.82940910	f
190703	Sucre	Cajigal	Libertad	10.44994740	-63.89981410	f
190801	Sucre	Cruz Salmeron Acosta	Araya	10.57694310	-64.24839750	f
190802	Sucre	Cruz Salmeron Acosta	Chacopata	10.67968590	-63.81827000	f
190803	Sucre	Cruz Salmeron Acosta	Manicuare	10.55383410	-64.20550110	f
190901	Sucre	Libertador	Tunapuy	10.57420300	-63.10749350	f
191001	Sucre	Mariño	Irapa	10.57296760	-62.58253970	f
191002	Sucre	Mariño	Campo Claro	10.59834440	-62.53995650	f
191003	Sucre	Mariño	Marabal	10.63461020	-62.56565210	f
191004	Sucre	Mariño	San Antonio de Irapa	10.62752120	-62.50398820	f
191005	Sucre	Mariño	Soro	10.54499730	-62.44748030	f
191201	Sucre	Montes	Cumanacoa	10.24719590	-63.92019420	f
191202	Sucre	Montes	Arenas	10.28181630	-63.93690910	f
191204	Sucre	Montes	Cocollar	10.14715260	-63.80857890	f
191205	Sucre	Montes	San Fernando	10.30000000	-63.93333300	f
191206	Sucre	Montes	San Lorenzo	10.22202560	-63.92610420	f
191301	Sucre	Ribero	Cariaco	10.49775140	-63.55405510	f
191302	Sucre	Ribero	Catuaro	10.39605700	-63.50021480	f
191304	Sucre	Ribero	Santa Cruz	10.34465750	-63.57913560	f
191305	Sucre	Ribero	Santa Maria	10.28671530	-63.59093910	f
191401	Sucre	Sucre	Altagracia	8.71671000	-75.23326000	f
191402	Sucre	Sucre	Ayacucho	10.49401940	-63.55242490	f
191403	Sucre	Sucre	Santa Ines	8.71671000	-75.23326000	f
191405	Sucre	Sucre	San Juan	9.27437400	-75.24377400	f
191406	Sucre	Sucre	Raul Leoni	8.81005000	-74.72042000	f
191407	Sucre	Sucre	Gran Mariscal	10.47073680	-64.16647670	f
191501	Sucre	Valdez	Guiria	10.58498100	-62.30371760	f
191502	Sucre	Valdez	Bideau	10.57633100	-62.29848190	f
191503	Sucre	Valdez	Cristobal Colon	10.57305500	-62.31388900	f
190502	Sucre	Bermúdez	Macarapana	10.66116710	-63.21647220	f
190503	Sucre	Bermúdez	Santa Catalina	10.62487830	-63.22678380	f
190504	Sucre	Bermúdez	Santa Rosa	10.66950250	-63.24539050	f
190505	Sucre	Bermúdez	Santa Teresa	10.67248110	-63.24040390	f
190501	Sucre	Bermúdez	Bolívar	10.66097710	-63.25372870	f
210302	Trujillo	Bolívar	Cheregue	9.40697600	-70.79641700	f
210303	Trujillo	Bolívar	Granados	9.39688190	-70.80158940	f
210101	Trujillo	Andres Bello	Santa Isabel	9.62927000	-70.80902220	f
210102	Trujillo	Andres Bello	Araguaney	9.56401800	-70.66906700	f
210103	Trujillo	Andres Bello	El Jaguito	9.67302160	-70.69305680	f
210104	Trujillo	Andres Bello	La Esperanza	9.67302160	-70.69305680	f
210201	Trujillo	Bocono	Bocono	9.25344380	-70.24976160	f
210203	Trujillo	Bocono	Mosquey	9.28808800	-70.20656600	f
210204	Trujillo	Bocono	Ayacucho	9.42002630	-70.26836340	f
210205	Trujillo	Bocono	Burbusay	9.42002630	-70.26836340	f
210206	Trujillo	Bocono	General Rivas	9.25344380	-70.24976160	f
210208	Trujillo	Bocono	Vega de Guaramacal	9.18333300	-70.20000000	f
210209	Trujillo	Bocono	Monseñor Jauregui	9.24387550	-70.26693410	f
210210	Trujillo	Bocono	Rafael Rangel	9.25344380	-70.24976160	f
210211	Trujillo	Bocono	San Miguel	9.36788880	-70.23971630	f
210212	Trujillo	Bocono	San Jose	9.23692290	-70.27369380	f
210401	Trujillo	Candelaria	Chejende	9.61878740	-70.35650710	f
210403	Trujillo	Candelaria	Bolivia	9.55810500	-70.30829600	f
210404	Trujillo	Candelaria	Carrillo	9.62763170	-70.23047570	f
210405	Trujillo	Candelaria	Cegarra	9.61114130	-70.35987580	f
210406	Trujillo	Candelaria	Manuel Salvador Ulloa	9.61114130	-70.35987580	f
210407	Trujillo	Candelaria	San Jose	9.78861110	-70.33527780	f
210501	Trujillo	Carache	Carache	9.62247880	-70.23785610	f
210502	Trujillo	Carache	Cuicas	9.70159080	-70.29886920	f
210504	Trujillo	Carache	Panamericana	9.81976070	-70.26268060	f
210505	Trujillo	Carache	Santa Cruz	9.74361110	-70.37972220	f
210601	Trujillo	Escuque	Escuque	9.30529100	-70.67292000	f
210602	Trujillo	Escuque	La Union	9.32951450	-70.58454600	f
210603	Trujillo	Escuque	Sabana Libre	9.33934730	-70.64844710	f
220601	Yaracuy	Jose Antonio Paez	Sabana de Parra	10.11984140	-69.03849080	f
220701	Yaracuy	La Trinidad	Boraure	10.28971720	-68.75266810	f
220801	Yaracuy	Manuel Monge	Yumare	10.59722470	-68.67450970	f
221201	Yaracuy	Sucre	Guama	10.27091730	-68.81684660	f
221301	Yaracuy	Urachiche	Urachiche	10.15922860	-69.00873650	f
220301	Yaracuy	Bruzual	Chivacoa	10.15723830	-68.89732680	f
210604	Trujillo	Escuque	Santa Rita	9.24063960	-70.65577560	f
210701	Trujillo	Jose Felipe Marquez Cañizales	El Socorro	9.43025280	-70.52649340	f
210703	Trujillo	Jose Felipe Marquez Cañizales	Los Caprichos	9.43025280	-70.52649340	f
210801	Trujillo	Juan Vicente Campo Elias	Campo Elias	9.39409580	-70.06073450	f
210802	Trujillo	Juan Vicente Campo Elias	Arnoldo Gabaldon	9.39409580	-70.06073450	f
210901	Trujillo	La Ceiba	Santa Apolonia	9.47800000	-71.00800300	f
210902	Trujillo	La Ceiba	El Progreso	9.47648200	-71.05557300	f
210903	Trujillo	La Ceiba	La Ceiba	9.47648200	-71.05557300	f
210904	Trujillo	La Ceiba	Tres de Febrero	9.58359500	-70.98231500	f
211001	Trujillo	Miranda	El Dividive	9.47458010	-70.73468110	f
211002	Trujillo	Miranda	Agua Santa	9.51473300	-70.67088940	f
211003	Trujillo	Miranda	Agua Caliente	9.63805560	-70.62666670	f
211004	Trujillo	Miranda	El Cenizo	9.50819600	-70.73749070	f
211101	Trujillo	Monte Carmelo	Monte Carmelo	9.18761700	-70.81297300	f
211102	Trujillo	Monte Carmelo	Buena Vista	9.29799670	-70.87888450	f
211103	Trujillo	Monte Carmelo	Santa Maria del Horcon	9.18761700	-70.81297300	f
211201	Trujillo	Motatan	Motatan	9.39307670	-70.59342290	f
211202	Trujillo	Motatan	El Baño	9.38611210	-70.60994400	f
211203	Trujillo	Motatan	Jalisco	9.43959100	-70.58441200	f
211302	Trujillo	Pampan	Flor de Patria	9.46139250	-70.46996830	f
211303	Trujillo	Pampan	La Paz	9.44489780	-70.47919130	f
211304	Trujillo	Pampan	Santa Ana	9.46921700	-70.33184100	f
211401	Trujillo	Pampanito	Pampanito	9.41145190	-70.49823160	f
211402	Trujillo	Pampanito	La Concepcion	9.41836160	-70.48038120	f
211501	Trujillo	Rafael Rangel	Betijoque	9.37981050	-70.73320190	f
211502	Trujillo	Rafael Rangel	La Pueblita	9.41855940	-70.69305680	f
211503	Trujillo	Rafael Rangel	Los Cedros	9.41855940	-70.69305680	f
211504	Trujillo	Rafael Rangel	Jose Gregorio Hernandez	9.41855940	-70.69305680	f
211602	Trujillo	San Rafael de Carvajal	Antonio Nicolas Briceño	9.34231040	-70.58387910	f
211603	Trujillo	San Rafael de Carvajal	Campo Alegre	9.33350030	-70.58306980	f
211604	Trujillo	San Rafael de Carvajal	Jose Leonardo Suarez	9.40055700	-70.56219020	f
211701	Trujillo	Sucre	Sabana de Mendoza	9.43881030	-70.77037030	f
211702	Trujillo	Sucre	El Paraiso	-8.18727920	-78.98629820	f
211703	Trujillo	Sucre	Junin	9.55383520	-70.83577920	f
211704	Trujillo	Sucre	Valmore Rodriguez	9.55383520	-70.83577920	f
211802	Trujillo	Trujillo	Chiquinquira	9.35644970	-70.43724040	f
211803	Trujillo	Trujillo	Cristobal Mendoza	9.37289810	-70.43194470	f
211804	Trujillo	Trujillo	Cruz Carrillo	9.36390550	-70.43414730	f
211805	Trujillo	Trujillo	Matriz	9.18048730	-70.21702090	f
211806	Trujillo	Trujillo	Monseñor Carrillo	9.36390550	-70.43414730	f
211901	Trujillo	Urdaneta	La Quebrada	9.15394820	-70.57780680	f
211902	Trujillo	Urdaneta	Cabimbu	9.17821770	-70.49581440	f
211903	Trujillo	Urdaneta	Jajo	9.07840830	-70.65859900	f
211904	Trujillo	Urdaneta	La Mesa	9.10809140	-70.66629150	f
211905	Trujillo	Urdaneta	Santiago	9.24614350	-70.52872450	f
211906	Trujillo	Urdaneta	Tuñame	9.15967260	-70.59788460	f
212002	Trujillo	Valera	La Beatriz	9.29060830	-70.61273210	f
212003	Trujillo	Valera	Mercedes Diaz	9.31911090	-70.60329950	f
212004	Trujillo	Valera	San Luis	9.33770650	-70.60644790	f
212005	Trujillo	Valera	La Puerta	9.12758910	-70.70941270	f
212006	Trujillo	Valera	Mendoza	9.20316100	-70.67202800	f
220302	Yaracuy	Bruzual	Campo Elias	10.23333300	-68.91666700	f
220902	Yaracuy	Nirgua	Salom	10.17835540	-68.48745190	f
221002	Yaracuy	Peña	San Andres	10.16632300	-69.07317990	f
221102	Yaracuy	San Felipe	Albarico	10.39835740	-68.69537630	f
221402	Yaracuy	Veroes	El Guayabo	10.43558430	-68.47077580	f
230101	Zulia	Almirante Padilla	Isla de Toas	10.95655020	-71.65843580	f
230102	Zulia	Almirante Padilla	Monagas	10.98615940	-71.65546920	f
230201	Zulia	Baralt	San Timoteo	9.78755600	-71.06463370	f
230202	Zulia	Baralt	General Urdaneta	10.64629300	-71.60715350	f
230204	Zulia	Baralt	Manuel Guanipa Matos	9.79177470	-70.90712360	f
230205	Zulia	Baralt	Marcelino Briceño	9.79177470	-70.90712360	f
230206	Zulia	Baralt	Pueblo Nuevo	9.84073880	-70.92495780	f
230301	Zulia	Cabimas	Ambrosio	10.41336300	-71.46170410	f
230302	Zulia	Cabimas	Carmen Herrera	10.39386780	-71.45665180	f
230304	Zulia	Cabimas	La Rosa	10.36279000	-71.43523120	f
230305	Zulia	Cabimas	Jorge Hernandez	10.35627270	-71.42325720	f
230306	Zulia	Cabimas	Romulo Betancourt	10.38958620	-71.46928430	f
230307	Zulia	Cabimas	San Benito	10.41336300	-71.46170410	f
220401	Yaracuy	Cocorote	Cocorote	10.31649000	-68.78617180	f
230309	Zulia	Cabimas	Punta Gorda	10.38958620	-71.46928430	f
230401	Zulia	Catatumbo	Encontrados	9.05785040	-72.23341800	f
230402	Zulia	Catatumbo	Udon Perez	9.18282690	-72.23637900	f
230502	Zulia	Colon	Moralito	8.80282300	-71.76637300	f
230503	Zulia	Colon	Santa Barbara	9.00189520	-71.91049340	f
230504	Zulia	Colon	Santa Cruz del Zulia	8.90239650	-71.98458960	f
230505	Zulia	Colon	Urribarri	8.90239650	-71.98458960	f
230601	Zulia	Francisco Javier Pulgar	Simon Rodriguez	8.93468650	-71.52491540	f
230603	Zulia	Francisco Javier Pulgar	Francisco Javier Pulgar	8.93468650	-71.52491540	f
230604	Zulia	Francisco Javier Pulgar	Agustin Codazzi	8.93468650	-71.52491540	f
230701	Zulia	Jesus Enrique Lossada	La Concepcion	10.63994210	-71.83341450	f
230702	Zulia	Jesus Enrique Lossada	Jose Ramon Yepes	10.60148710	-72.28375000	f
230703	Zulia	Jesus Enrique Lossada	Mariano Parra Leon	10.60148710	-72.28375000	f
230704	Zulia	Jesus Enrique Lossada	San Jose	10.60148710	-72.28375000	f
230801	Zulia	Jesus Maria Semprun	Jesus Maria Semprun	9.03147580	-72.61511690	f
230802	Zulia	Jesus Maria Semprun	Bari	9.03147580	-72.61511690	f
230902	Zulia	La Cañada de Urdaneta	Andres Bello	10.41223540	-71.99940670	f
230903	Zulia	La Cañada de Urdaneta	Chiquinquira	10.43914280	-71.64623380	f
230904	Zulia	La Cañada de Urdaneta	El Carmelo	10.38846480	-71.72962490	f
230905	Zulia	La Cañada de Urdaneta	Potreritos	10.33666930	-71.78745470	f
231001	Zulia	Lagunillas	Alonso de Ojeda	10.19424760	-71.31294250	f
231002	Zulia	Lagunillas	Libertad	10.24872000	-71.22802340	f
231004	Zulia	Lagunillas	Eleazar Lopez Contreras	10.19317370	-71.29707210	f
231005	Zulia	Lagunillas	Venezuela	10.12654480	-71.24584360	f
231006	Zulia	Lagunillas	El Danto	10.24872000	-71.22802340	f
231101	Zulia	Machiques de Perija	Libertad	9.62415660	-72.52048270	f
231103	Zulia	Machiques de Perija	Rio Negro	9.69335200	-72.37608300	f
231104	Zulia	Machiques de Perija	San Jose de Perija	9.62415660	-72.52048270	f
231201	Zulia	Mara	San Rafael	10.95300160	-71.73259080	f
231202	Zulia	Mara	La Sierrita	10.83094700	-71.86499000	f
231203	Zulia	Mara	Las Parcelas	10.90216040	-72.23637900	f
231204	Zulia	Mara	Luis de Vicente	10.90216040	-72.23637900	f
231205	Zulia	Mara	Monseñor Marcos Sergio Godoy	10.90216040	-72.23637900	f
231206	Zulia	Mara	Ricaurte	10.85547500	-71.76370200	f
231207	Zulia	Mara	Tamare	10.85547500	-71.76370200	f
231303	Zulia	Maracaibo	Cacique Mara	10.65304590	-71.64656940	f
231304	Zulia	Maracaibo	Caracciolo Parra Perez	10.65445090	-71.71479510	f
231305	Zulia	Maracaibo	Cecilio Acosta	10.67533060	-71.62953200	f
231306	Zulia	Maracaibo	Cristo de Aranza	10.62211610	-71.62580230	f
231307	Zulia	Maracaibo	Coquivacoa	10.70775850	-71.61393480	f
231308	Zulia	Maracaibo	Chiquinquira	10.67680000	-71.63766940	f
231310	Zulia	Maracaibo	Idelfonso Vasquez	10.72648100	-71.65546920	f
231311	Zulia	Maracaibo	Juana de Avila	10.71136630	-71.63532490	f
231312	Zulia	Maracaibo	Luis Hurtado Higuera	10.59404210	-71.66362720	f
231313	Zulia	Maracaibo	Manuel Dagnino	10.61275270	-71.64953600	f
231314	Zulia	Maracaibo	Olegario Villalobos	10.67464650	-71.60206690	f
231315	Zulia	Maracaibo	Raul Leoni	10.64244070	-71.61704330	f
231316	Zulia	Maracaibo	Santa Lucia	10.65445090	-71.71479510	f
231317	Zulia	Maracaibo	Venancio Pulgar	10.73078950	-71.72665900	f
231401	Zulia	Miranda	Altagracia	10.72341000	-71.51046000	f
231402	Zulia	Miranda	Ana Maria Campos	10.41464630	-71.45943810	f
231403	Zulia	Miranda	Faria	10.67261480	-71.65616110	f
231404	Zulia	Miranda	San Antonio	10.39475630	-71.44308530	f
231405	Zulia	Miranda	San Jose	10.67261480	-71.65616110	f
231501	Zulia	Indigena Bolivariano Guajira	Sinamaica	11.08397140	-71.85565070	f
231502	Zulia	Indigena Bolivariano Guajira	Alta Guajira	11.36621800	-71.99940670	f
231503	Zulia	Indigena Bolivariano Guajira	Elias Sanchez Rubio	11.36621800	-71.99940670	f
231504	Zulia	Indigena Bolivariano Guajira	Guajira	11.36621800	-71.99940670	f
231601	Zulia	Rosario de Perija	El Rosario	10.33122000	-72.30687700	f
231602	Zulia	Rosario de Perija	Donaldo Garcia	10.39336270	-72.42581450	f
231603	Zulia	Rosario de Perija	Sixto Zambrano	10.39336270	-72.42581450	f
231702	Zulia	San Francisco	El Bajo	10.52282700	-71.63399500	f
231703	Zulia	San Francisco	Domitila Flores	10.54874430	-71.66140230	f
231704	Zulia	San Francisco	Francisco Ochoa	10.58975200	-71.62580230	f
231705	Zulia	San Francisco	Los Cortijos	10.51587000	-71.69542700	f
231706	Zulia	San Francisco	Marcial Hernandez	10.55802400	-71.72665900	f
231707	Zulia	San Francisco	Jose Domingo Rus	10.54512050	-71.69106600	f
231801	Zulia	Santa Rita	Santa Rita	10.56536650	-71.48930130	f
231802	Zulia	Santa Rita	El Mene	10.46670000	-71.45209500	f
231804	Zulia	Santa Rita	Pedro Lucas Urribarri	10.54389320	-71.52531020	f
232001	Zulia	Sucre	Bobures	9.23703060	-71.16713150	f
232002	Zulia	Sucre	El Batey	9.16025610	-71.11662860	f
232003	Zulia	Sucre	Gibraltar	9.27161280	-71.13371120	f
232004	Zulia	Sucre	Heras	9.24786190	-71.04977680	f
232006	Zulia	Sucre	Romulo Gallegos	10.19696620	-71.30702530	f
232101	Zulia	Valmore Rodriguez	La Victoria	9.97305500	-71.10267600	f
232102	Zulia	Valmore Rodriguez	Rafael Urdaneta	10.10895010	-70.94873570	f
232103	Zulia	Valmore Rodriguez	Raul Cuenca	10.26446470	-70.95468000	f
240101	Vargas	Vargas	Caraballeda	10.61353980	-66.84988830	f
240103	Vargas	Vargas	Caruao	10.60539240	-66.35201040	f
240104	Vargas	Vargas	Catia La Mar	10.58944390	-67.04943780	f
240105	Vargas	Vargas	El Junko	10.58900150	-66.73673450	f
240107	Vargas	Vargas	Macuto	10.60384700	-66.89455910	f
240108	Vargas	Vargas	Maiquetia	10.60352340	-66.99284400	f
240109	Vargas	Vargas	Naiguata	10.61812740	-66.73971200	f
240110	Vargas	Vargas	Urimare	10.58900150	-66.73673450	f
240111	Vargas	Vargas	Carlos Soublette	10.58900150	-66.73673450	f
250102	Dependencias Federales	Dependencias Federales	Los Testigos	11.37793270	-63.12359740	f
250103	Dependencias Federales	Dependencias Federales	La Borracha	10.93770530	-65.35695730	f
061102	Barinas	Sosa	El Regalo	8.43395900	-69.17722300	f
061103	Barinas	Sosa	Puerto de Nutrias	8.07408240	-69.30414310	f
061104	Barinas	Sosa	Santa Catalina	7.93529800	-68.91799900	f
231302	Zulia	Maracaibo	Bolívar	10.71754350	-71.72071170	f
061201	Barinas	Andres Eloy Blanco	El Canton	7.47741530	-71.29707210	f
061203	Barinas	Andres Eloy Blanco	Puerto Vivas	7.40499430	-70.95468000	f
061105	Barinas	Sosa	Simón Bolívar	8.60458170	-70.19805720	f
080103	Carabobo	Bejuma	No Urbana Simón Bolívar	10.17714270	-68.25940120	f
080101	Carabobo	Bejuma	Urbana Bejuma	10.17714270	-68.25940120	f
080102	Carabobo	Bejuma	No Urbana Canoabo	10.17714270	-68.25940120	f
080201	Carabobo	Carlos Arvelo	Urbana Guigue	10.11764330	-68.04775090	f
080202	Carabobo	Carlos Arvelo	No Urbana Belen	10.11764330	-68.04775090	f
080203	Carabobo	Carlos Arvelo	No Urbana Tacarigua	10.11764330	-68.04775090	f
080302	Carabobo	Diego Ibarra	Urbana Mariara	10.28918380	-67.71987100	f
080401	Carabobo	Guacara	Urbana Ciudad Alianza	10.19381910	-67.89572800	f
080402	Carabobo	Guacara	Urbana Guacara	10.19381910	-67.89572800	f
080403	Carabobo	Guacara	No Urbana Yagua	10.23450100	-67.87244090	f
080501	Carabobo	Juan Jose Mora	Urbana Moron	10.11764330	-68.04775090	f
080502	Carabobo	Juan Jose Mora	No Urbana Urama	10.11764330	-68.04775090	f
080601	Carabobo	Libertador	Urbana Tocuyito	10.10707490	-68.09002250	f
080701	Carabobo	Los Guayos	Urbana Los Guayos	10.18341900	-67.93475250	f
080801	Carabobo	Miranda	Urbana Miranda	10.14968280	-68.39652980	f
080901	Carabobo	Montalban	Urbana Montalban	10.21334660	-68.32498430	f
081001	Carabobo	Naguanagua	Urbana Naguanagua	10.25877750	-68.01347050	f
081101	Carabobo	Puerto Cabello	Urbana Bartolome Salom	10.46976850	-68.02986540	f
081102	Carabobo	Puerto Cabello	Urbana Democracia	10.46976850	-68.02986540	f
081104	Carabobo	Puerto Cabello	Urbana Goaigoaza	10.46976850	-68.02986540	f
081105	Carabobo	Puerto Cabello	Urbana Juan Jose Flores	10.46976850	-68.02986540	f
081106	Carabobo	Puerto Cabello	Urbana Union	10.46976850	-68.02986540	f
081107	Carabobo	Puerto Cabello	No Urbana Borburata	10.46976850	-68.02986540	f
081108	Carabobo	Puerto Cabello	No Urbana Patanemo	10.46976850	-68.02986540	f
081201	Carabobo	San Diego	Urbana San Diego	10.22328540	-67.96801230	f
081301	Carabobo	San Joaquin	Urbana San Joaquin	10.26576480	-67.77955290	f
081402	Carabobo	Valencia	Urbana Catedral	10.18546140	-68.00147710	f
081403	Carabobo	Valencia	Urbana El Socorro	10.18458940	-68.00750870	f
081404	Carabobo	Valencia	Urbana Miguel Peña	10.06419730	-68.03582720	f
081405	Carabobo	Valencia	Urbana Rafael Urdaneta	10.11920310	-68.03694320	f
081406	Carabobo	Valencia	Urbana San Blas	10.18354140	-67.99260440	f
081407	Carabobo	Valencia	Urbana San Jose	10.20507620	-68.01794180	f
081409	Carabobo	Valencia	No Urbana Negro Primero	10.13310950	-68.01856960	f
090101	Cojedes	Anzoategui	Cojedes	9.70885600	-68.85857740	f
090102	Cojedes	Anzoategui	Juan de Mata Suarez	9.70885600	-68.85857740	f
090201	Cojedes	Falcon	Tinaquillo	9.91225840	-68.27430640	f
090301	Cojedes	Girardot	El Baul	8.95999150	-68.29517380	f
090302	Cojedes	Girardot	Sucre	8.96666700	-68.38333290	f
090401	Cojedes	Lima Blanco	Macapo	9.82478120	-68.43975510	f
090501	Cojedes	Pao de San Juan Bautista	El Pao	9.63897960	-68.12972700	f
090601	Cojedes	Ricaurte	Libertad de Cojedes	9.35845260	-68.69015960	f
090602	Cojedes	Ricaurte	El Amparo	9.38040770	-68.64395500	f
090701	Cojedes	Romulo Gallegos	Romulo Gallegos	9.66320850	-68.58319830	f
090801	Cojedes	Ezequiel Zamora	San Carlos de Austria	9.66108070	-68.58047570	f
090803	Cojedes	Ezequiel Zamora	Manuel Manrique	9.66108070	-68.58047570	f
090901	Cojedes	Tinaco	General en Jefe Jose Laurencio Silva	9.70762230	-68.43528350	f
100101	Delta Amacuro	Antonio Diaz	Curiapo	8.58026120	-60.99838170	f
100102	Delta Amacuro	Antonio Diaz	Almirante Luis Brion	8.19171280	-60.76792160	f
100103	Delta Amacuro	Antonio Diaz	Francisco Aniceto Lugo	8.19171280	-60.76792160	f
100104	Delta Amacuro	Antonio Diaz	Manuel Renaud	8.19171280	-60.76792160	f
100106	Delta Amacuro	Antonio Diaz	Santos de Abelgas	8.19171280	-60.76792160	f
100201	Delta Amacuro	Casacoima	Imataca	8.39227860	-62.45592720	f
100202	Delta Amacuro	Casacoima	Cinco de Julio	8.37885410	-62.16885720	f
100203	Delta Amacuro	Casacoima	Juan Bautista Arismendi	8.37885410	-62.16885720	f
100204	Delta Amacuro	Casacoima	Manuel Piar	8.37885410	-62.16885720	f
100301	Delta Amacuro	Pedernales	Pedernales	9.84083330	-62.20222220	f
100302	Delta Amacuro	Pedernales	Luis Beltran Prieto Figueroa	9.65581350	-62.16885720	f
100401	Delta Amacuro	Tucupita	San Jose	9.06917690	-62.04581060	f
100402	Delta Amacuro	Tucupita	Jose Vidal Marcano	9.06917690	-62.04581060	f
120904	Guárico	Jose Tadeo Monagas	Paso Real de Macaira	9.78926800	-66.37953560	f
020203	Amazonas	Atabapo	Caname	3.89234430	-66.80819790	f
070104	Bolívar	Caroní	Once de Abril	8.36466070	-62.61957200	f
070603	Bolívar	Piar	Pedro Cova	7.39018750	-62.63835240	f
030303	Anzoátegui	Fernando de Peñalver	Sucre	10.06331220	-65.04406500	f
030602	Anzoátegui	Guanta	Chorreron	10.23436850	-64.59180500	f
020601	Amazonas	Manapiare	Alto Ventuari	4.90983820	-65.47573600	f
020304	Amazonas	Atures	Platanillal	5.67871700	-67.28478750	f
070205	Bolívar	Cedeño	La Urbana	7.13319550	-66.93476510	f
070503	Bolívar	Heres	Jose Antonio Paez	8.11526220	-63.59371370	f
031901	Anzoátegui	Simón Rodríguez	Edmundo Barrios	8.89973790	-64.24839750	f
031005	Anzoátegui	José Gregorio Monagas	Uverito	8.10491400	-64.68530300	f
070901	Bolívar	Sifontes	Seccion Capital Sifontes	6.98121190	-61.14031960	f
071004	Bolívar	Sucre	Las Majadas	7.63333300	-64.83333300	f
110302	Falcón	Buchivacoa	Bariro	10.77721000	-70.73755600	f
110503	Falcón	Carirubana	Punta Cardon	11.64818190	-70.20511480	f
110605	Falcón	Colina	Macoruca	11.30349150	-69.46250580	f
110902	Falcón	Falcon	Adicora	11.94076720	-69.81071080	f
110909	Falcón	Falcon	El Vinculo	12.06838100	-69.94982280	f
111102	Falcón	Jacura	Agua Linda	10.95000000	-68.98333300	f
111303	Falcón	Mauroa	San Felix	10.92555000	-71.17484300	f
112503	Falcón	Zamora	La Soledad	11.44101500	-69.39083100	f
031805	Anzoátegui	Simón Bolívar	El Pilar	9.98054860	-64.57403250	f
031006	Anzoátegui	José Gregorio Monagas	Zuata	8.36210090	-65.19369860	f
121502	Guárico	Pedro Zaraza	San Jose de Unare	9.46831070	-65.23376440	f
140103	Mérida	Alberto Adriani	Presidente Romulo Gallegos	8.60681030	-71.71479510	f
140402	Mérida	Aricagua	San Antonio	8.81527780	-70.88750000	f
140502	Mérida	Arzobispo Chacon	Capuri	8.13333300	-71.60000000	f
140503	Mérida	Arzobispo Chacon	Chacanta	8.09017810	-71.42993640	f
140504	Mérida	Arzobispo Chacon	El Molino	8.19235200	-71.54672300	f
140505	Mérida	Arzobispo Chacon	Guaimaral	8.01666700	-71.50000000	f
140506	Mérida	Arzobispo Chacon	Mucutuy	8.24539700	-71.28024300	f
140507	Mérida	Arzobispo Chacon	Mucuchachi	8.14994400	-71.33941700	f
140601	Mérida	Campo Elias	Fernandez Peña	8.51045040	-71.25178350	f
140602	Mérida	Campo Elias	Matriz	8.55795230	-71.25772330	f
140603	Mérida	Campo Elias	Montalban	8.63520190	-71.22802340	f
140604	Mérida	Campo Elias	Acequias	8.41666700	-71.21666700	f
140605	Mérida	Campo Elias	Jaji	8.57536740	-71.34383990	f
140606	Mérida	Campo Elias	La Mesa	8.54245450	-71.28890570	f
140607	Mérida	Campo Elias	San Jose del Sur	8.59793910	-71.14827090	f
140702	Mérida	Caracciolo Parra Olmedo	Florencio Ramirez	8.83565540	-71.23990370	f
141702	Mérida	Rangel	Cacute	8.67767570	-71.01639750	f
141703	Mérida	Rangel	La Toma	8.76413100	-70.90477000	f
141704	Mérida	Rangel	Mucuruba	8.71058400	-70.99426300	f
141705	Mérida	Rangel	San Rafael	8.76188290	-70.87825800	f
142302	Mérida	Zea	Caño El Tigre	8.50173210	-71.77114480	f
200301	Táchira	Ayacucho	Ayacucho	8.10934670	-72.30743260	f
200302	Táchira	Ayacucho	Rivas Berti	8.10934670	-72.30743260	f
200903	Táchira	Garcia de Hevia	Jose Antonio Paez	8.38128290	-72.28375000	f
201404	Táchira	Junin	Bramon	7.65762000	-72.39592700	f
201602	Táchira	Libertador	Don Emeterio Ochoa	7.59952230	-71.61986860	f
202001	Táchira	Pedro Maria Ureña	Pedro Maria Ureña	7.92162850	-72.44356740	f
202304	Táchira	San Cristobal	San Sebastian	7.74431970	-72.24267090	f
202803	Táchira	Uribante	Juan Pablo Peñaloza	7.94069280	-71.80969410	f
170504	Nueva Esparta	Gómez	Matasiete	10.90230370	-64.09908500	f
160405	Monagas	Caripe	San Agustin	10.20435140	-63.54225340	f
202901	Táchira	San Judas Tadeo	Umuquena	8.26737150	-72.06311180	f
040103	Apure	Achaguas	El Yagual	7.47719040	-68.42261400	f
040104	Apure	Achaguas	Guachara	7.29246410	-68.36498110	f
040105	Apure	Achaguas	Mucuritas	7.78185750	-68.22418820	f
040106	Apure	Achaguas	Queseras del Medio	7.63166670	-67.86388890	f
040304	Apure	Muñoz	Rincon Hondo	7.43439400	-69.10331700	f
040404	Apure	Paez	San Camilo	7.34152000	-71.28538500	f
050903	Aragua	San Casimiro	No Urbana Ollas de Caramacate	9.99952310	-67.01369390	f
050904	Aragua	San Casimiro	No Urbana Valle Morin	9.99952310	-67.01369390	f
051101	Aragua	Santiago Mariño	Santiago Mariño	10.22403140	-67.53389830	f
051102	Aragua	Santiago Mariño	No Urbana Arevalo Aponte	10.39422140	-67.49933070	f
051104	Aragua	Santiago Mariño	No Urbana Saman de Guere	10.39422140	-67.49933070	f
051502	Aragua	Urdaneta	No Urbana Las Peñitas	9.52275370	-66.71291500	f
051503	Aragua	Urdaneta	No Urbana San Francisco de Cara	9.66369200	-66.83499860	f
051504	Aragua	Urdaneta	No Urbana Taguay	9.77769590	-66.66676710	f
051601	Aragua	Zamora	Zamora	10.07571990	-67.55621300	f
051701	Aragua	Francisco Linares Alcantara	Francisco Linares Alcantara	10.24276920	-67.61387690	f
060302	Barinas	Arismendi	Guadarrama	8.47920440	-68.37119070	f
060602	Barinas	Cruz Paredes	El Socorro	8.78540310	-70.28845280	f
060603	Barinas	Cruz Paredes	Masparrito	9.01771800	-70.29795100	f
060701	Barinas	Ezequiel Zamora	Santa Barbara	7.81299290	-71.17455790	f
130304	Lara	Iribarren	Juan de Villegas	10.01864480	-69.40694520	f
130403	Lara	Jimenez	Diego de Lozada	10.00509380	-69.52612380	f
130404	Lara	Jimenez	Paraiso de San Jose	10.15378420	-69.85974060	f
130405	Lara	Jimenez	San Miguel	9.88112530	-69.51271700	f
130406	Lara	Jimenez	Tintorero	9.98901480	-69.56485380	f
130407	Lara	Jimenez	Jose Bernardo Dorante	10.00509380	-69.52612380	f
130801	Lara	Torres	Trinidad Samuel	10.17781540	-70.24083250	f
130808	Lara	Torres	Espinoza de los Monteros	10.17781540	-70.24083250	f
130503	Lara	Morán	Guarico	9.62128150	-69.79868700	f
130811	Lara	Torres	Manuel Morillo	10.17781540	-70.24083250	f
130812	Lara	Torres	Montaña Verde	10.17781540	-70.24083250	f
130813	Lara	Torres	Montes de Oca	10.17781540	-70.24083250	f
130814	Lara	Torres	Torres	10.18963500	-69.89627100	f
130815	Lara	Torres	Heriberto Arroyo	10.17781540	-70.24083250	f
130816	Lara	Torres	Reyes Vargas	10.26902090	-69.93479130	f
130817	Lara	Torres	Altagracia	10.33685930	-70.20362650	f
130901	Lara	Urdaneta	Siquisique	10.57292570	-69.70784230	f
130902	Lara	Urdaneta	Moroturo	10.55182950	-69.23709330	f
130903	Lara	Urdaneta	San Miguel	10.60077420	-69.52612380	f
130904	Lara	Urdaneta	Xaguas	10.55182950	-69.23709330	f
010104	Distrito Capital	Bolivariano Libertador	Caricuao	10.44633490	-66.94332770	f
010111	Distrito Capital	Bolivariano Libertador	La Pastora	10.48729050	-66.88483360	f
160503	Monagas	Cedeño	San Felix	9.83650740	-63.81679320	f
160703	Monagas	Libertador	Las Alhuacas	8.59472420	-62.92059180	f
160804	Monagas	Maturin	Las Cocuizas	9.76176110	-63.15166740	f
160811	Monagas	Maturin	San Vicente	9.71002900	-63.30634670	f
160906	Monagas	Piar	La Toscana	9.80069610	-63.32697870	f
161202	Monagas	Sotillo	Los Barrancos de Fajardo	8.39413720	-62.68389560	f
170702	Nueva Esparta	Marcano	Adrian	11.08923270	-63.96895510	f
171102	Nueva Esparta	Villalba	Vicente Fuentes	10.78289020	-63.94678990	f
180403	Portuguesa	Guanare	San Jose de la Montaña	9.27309460	-69.46299280	f
161101	Monagas	Santa Bárbara	Santa Bárbara	9.60048520	-63.61012110	f
181404	Portuguesa	Turen	San Isidro Labrador	9.33102390	-69.11490510	f
190301	Sucre	Arismendi	Rio Caribe	10.69665530	-63.11019240	f
190402	Sucre	Benitez	El Rincon	10.56666700	-63.23333300	f
190702	Sucre	Cajigal	El Paujil	10.61666700	-62.71666700	f
190902	Sucre	Libertador	Campo Elias	10.58058640	-62.96766950	f
191203	Sucre	Montes	Aricagua	10.24144520	-63.89803330	f
191303	Sucre	Ribero	Rendon	10.50040780	-63.55540390	f
191404	Sucre	Sucre	Valentin Valiente	10.47382990	-64.15540230	f
191504	Sucre	Valdez	Punta de Piedras	10.60400330	-62.27585790	f
210301	Trujillo	Bolívar	Sabana Grande	9.40697600	-70.79641700	f
210202	Trujillo	Bocono	El Carmen	9.25344380	-70.24976160	f
210207	Trujillo	Bocono	Guaramacal	9.18463100	-70.14833800	f
210402	Trujillo	Candelaria	Arnoldo Gabaldon	9.61114130	-70.35987580	f
210503	Trujillo	Carache	La Concepcion	9.62247880	-70.23785610	f
190601	Sucre	Bolívar	Mariguitar	10.44619690	-63.90246530	f
210702	Trujillo	Jose Felipe Marquez Cañizales	Antonio Jose de Sucre	9.43025280	-70.52649340	f
211005	Trujillo	Miranda	Valerita	9.65880600	-70.55516100	f
211301	Trujillo	Pampan	Pampan	9.45115580	-70.47591860	f
211403	Trujillo	Pampanito	Pampanito II	9.40969910	-70.51125300	f
211601	Trujillo	San Rafael de Carvajal	Carvajal	9.40055700	-70.56219020	f
211801	Trujillo	Trujillo	Andres Linares	9.35644970	-70.43724040	f
211807	Trujillo	Trujillo	Tres Esquinas	9.42177330	-70.44765400	f
212001	Trujillo	Valera	Juan Ignacio Montilla	9.31911090	-70.60329950	f
220903	Yaracuy	Nirgua	Temerla	10.26666700	-68.43333300	f
221103	Yaracuy	San Felipe	San Javier	10.37941700	-68.67228090	f
230203	Zulia	Baralt	Libertador	9.79197610	-71.06498790	f
230303	Zulia	Cabimas	German Rios Linares	10.42758080	-71.43587330	f
220501	Yaracuy	Independencia	Independencia	10.41764400	-68.71549750	f
230308	Zulia	Cabimas	Aristides Calvani	10.38958620	-71.46928430	f
230501	Zulia	Colon	San Carlos del Zulia	8.99999520	-71.92531410	f
230602	Zulia	Francisco Javier Pulgar	Carlos Quevedo	8.93468650	-71.52491540	f
230901	Zulia	La Cañada de Urdaneta	Concepcion	10.41364220	-71.69996460	f
231003	Zulia	Lagunillas	Campo Lara	10.16273700	-71.08840360	f
231102	Zulia	Machiques de Perija	Bartolome de las Casas	9.62415660	-72.52048270	f
231301	Zulia	Maracaibo	Antonio Borjas Romero	10.69261100	-71.72072710	f
231309	Zulia	Maracaibo	Francisco Eugenio Bustamante	10.62135090	-71.70293080	f
231318	Zulia	Maracaibo	San Isidro	10.66708000	-71.74437700	f
231406	Zulia	Miranda	Jose Antonio Chaves	10.71766600	-71.33493220	f
231701	Zulia	San Francisco	San Francisco	10.51587000	-71.69542700	f
231803	Zulia	Santa Rita	Jose Cenovio Urribarri	10.56536650	-71.48930130	f
232005	Zulia	Sucre	Monseñor Arturo Celestino Alvarez	9.24786190	-71.04977680	f
240102	Vargas	Vargas	Carayaca	10.53299280	-67.11821520	f
240106	Vargas	Vargas	La Guaira	10.58750800	-66.92136280	f
250101	Dependencias Federales	Dependencias Federales	Archipielago Los Roques	11.85668150	-66.76653770	f
061202	Barinas	Andres Eloy Blanco	Santa Cruz de Guacas	7.44891000	-71.30447400	f
080301	Carabobo	Diego Ibarra	Urbana Aguas Calientes	10.29291590	-67.70982060	f
080602	Carabobo	Libertador	Urbana Independencia	10.10493080	-68.09009130	f
081103	Carabobo	Puerto Cabello	Urbana Fraternidad	10.46976850	-68.02986540	f
081401	Carabobo	Valencia	Urbana Candelaria	10.17142380	-68.00750870	f
081408	Carabobo	Valencia	Urbana Santa Rosa	10.16624100	-67.99931130	f
090402	Cojedes	Lima Blanco	La Aguadita	9.81333100	-68.38609610	f
090802	Cojedes	Ezequiel Zamora	Juan Angel Bravo	9.66108070	-68.58047570	f
100105	Delta Amacuro	Antonio Diaz	Padre Barral	8.19171280	-60.76792160	f
100205	Delta Amacuro	Casacoima	Romulo Gallegos	8.37885410	-62.16885720	f
100403	Delta Amacuro	Tucupita	Juan Millan	9.06917690	-62.04581060	f
100404	Delta Amacuro	Tucupita	Leonardo Ruiz Pineda	9.06917690	-62.04581060	f
100405	Delta Amacuro	Tucupita	Mariscal Antonio Jose de Sucre	9.06917690	-62.04581060	f
100406	Delta Amacuro	Tucupita	Monseñor Argimiro Garcia	9.06917690	-62.04581060	f
100407	Delta Amacuro	Tucupita	San Rafael	9.08525950	-62.09956960	f
100408	Delta Amacuro	Tucupita	Virgen del Valle	9.06917690	-62.04581060	f
111801	Falcón	Píritu	Piritu	11.36450300	-69.13725740	f
111802	Falcón	Píritu	San Jose de la Costa	11.36450300	-69.13725740	f
111405	Falcón	Miranda	Mitare	11.35990000	-70.00685900	f
111406	Falcón	Miranda	Rio Seco	11.34808000	-70.19715100	f
111407	Falcón	Miranda	Sabaneta	11.25839300	-69.99391200	f
111501	Falcón	Monseñor Iturriza	Chichiriviche	10.93601020	-68.27728750	f
111502	Falcón	Monseñor Iturriza	Boca de Tocuyo	11.05517800	-68.33988960	f
111503	Falcón	Monseñor Iturriza	Tocuyo de la Costa	11.03136000	-68.37609900	f
111701	Falcón	Petit	Cabure	11.10112160	-69.33543170	f
111702	Falcón	Petit	Colina	11.10112160	-69.33543170	f
111703	Falcón	Petit	Curimagua	11.10112160	-69.33543170	f
112001	Falcón	Silva	Tucacas	10.78818890	-68.32796540	f
112002	Falcón	Silva	Boca de Aroa	10.69329890	-68.30113590	f
112101	Falcón	Sucre	Sucre	11.72558830	-70.18592130	f
112102	Falcón	Sucre	Pecaya	11.07515350	-69.86420780	f
112301	Falcón	Union	Santa Cruz de Bucaral	10.83419000	-69.26987370	f
112302	Falcón	Union	El Charal	10.85000000	-69.18333300	f
112303	Falcón	Union	Las Vegas del Tuy	10.87685480	-69.19239160	f
112401	Falcón	Urumaco	Urumaco	11.20178930	-70.25720240	f
112402	Falcón	Urumaco	Bruzual	11.07911000	-70.32657600	f
112501	Falcón	Zamora	Puerto Cumarebo	11.48640250	-69.35033070	f
120102	Guárico	Camaguan	Puerto Miranda	7.90545000	-67.47996060	f
120103	Guárico	Camaguan	Uverito	8.12706480	-67.47698070	f
120201	Guárico	Chaguaramas	Chaguaramas	9.33824100	-66.25754250	f
120301	Guárico	El Socorro	El Socorro	8.99945140	-65.74609050	f
120402	Guárico	San Geronimo de Guayabal	Cazorla	8.01672470	-67.00475820	f
120502	Guárico	Leonardo Infante	Espino	8.55898370	-66.02553680	f
120602	Guárico	Las Mercedes	Cabruta	7.64759220	-66.24712970	f
120603	Guárico	Las Mercedes	Santa Rita de Manapire	9.10413990	-66.39441700	f
120702	Guárico	Julian Mellado	Sosa	9.33142570	-67.21030340	f
120802	Guárico	Francisco de Miranda	El Calvario	8.95854890	-67.00475820	f
120803	Guárico	Francisco de Miranda	El Rastro	9.04710950	-67.45463100	f
120804	Guárico	Francisco de Miranda	Guardatinajas	9.03648800	-67.63194900	f
120902	Guárico	Jose Tadeo Monagas	Lezama	9.71891500	-66.39292670	f
120903	Guárico	Jose Tadeo Monagas	Libertad de Orituco	9.50884550	-66.40631820	f
120905	Guárico	Jose Tadeo Monagas	San Francisco de Macaira	9.96148130	-66.26795550	f
120907	Guárico	Jose Tadeo Monagas	Soublette	9.91184200	-66.09603100	f
170201	Nueva Esparta	Arismendi	La Asunción	11.02845800	-63.85814850	f
140201	Mérida	Andres Bello	La Azulita	8.71307460	-71.44329430	f
031501	Anzoátegui	San Jose de Guanipa	San Jose de Guanipa	8.87802770	-64.15965390	f
071101	Bolívar	Padre Pedro Chien	El Palmar	8.01221950	-61.90821580	f
200801	Táchira	Francisco de Miranda	San José de Bolívar	7.91270130	-71.97125360	f
220101	Yaracuy	Aristides Bastidas	San Pablo	10.24931030	-68.84963510	f
050401	Aragua	Jose Angel Lamas	Santa Cruz	10.18193050	-67.50827090	f
051401	Aragua	Tovar	Colonia Tovar	10.40510950	-67.29074650	f
111601	Falcón	Palmasola	Palmasola	10.72444260	-68.54856310	f
111901	Falcón	San Francisco	Mirimire	11.16263270	-68.72593060	f
112201	Falcón	Tocopero	Tocopero	11.49933000	-69.25738500	f
160201	Monagas	Aguasay	Aguasay	9.42349610	-63.72967420	f
191101	Sucre	Mejia	San Antonio del Golfo	10.44221050	-63.78775350	f
030301	Anzoátegui	Fernando de Peñalver	Fernando de Peñalver	10.04501790	-65.11951470	t
030401	Anzoátegui	Francisco del Carmen Carvajal	Francisco del Carmen Carvajal	9.89796270	-65.61831820	t
030501	Anzoátegui	Francisco de Miranda	Francisco de Miranda	8.89382990	-64.24026580	t
030601	Anzoátegui	Guanta	Guanta	10.23436850	-64.59180500	t
030701	Anzoátegui	Independencia	Independencia	8.17117710	-63.56415160	t
030801	Anzoátegui	Juan Antonio Sotillo	Puerto La Cruz	10.20079850	-64.63346430	t
031101	Anzoátegui	Libertad	Libertad	9.76666700	-64.30000000	t
031201	Anzoátegui	Manuel Ezequiel Bruzual	Manuel Ezequiel Bruzual	9.93777510	-65.15839130	t
031701	Anzoátegui	Santa Ana	Santa Ana	9.30645350	-64.66290530	t
032001	Anzoátegui	Sir Arthur Mc Gregor	Sir Arthur Mc Gregor	8.59130730	-63.95861110	t
031001	Anzoátegui	José Gregorio Monagas	Jose Gregorio Monagas	8.17427320	-64.90595500	t
031301	Anzoátegui	Pedro María Freites	Pedro Maria Freites	8.98723330	-63.86405690	t
031401	Anzoátegui	Píritu	Piritu	10.05206320	-65.01438920	t
121001	Guárico	Ortiz	Ortiz	9.62011240	-67.29074650	t
121401	Guárico	Santa Maria de Ipire	Santa Maria de Ipire	8.81804000	-65.31919170	t
121501	Guárico	Pedro Zaraza	Zaraza	9.35075960	-65.32612180	t
140301	Mérida	Antonio Pinto Salinas	Antonio Pinto Salinas	8.43404980	-71.61986860	t
140801	Mérida	Cardenal Quintero	Cardenal Quintero	8.82806980	-70.69305680	t
140901	Mérida	Guaraque	Guaraque	8.15334270	-71.73481520	t
141001	Mérida	Julio Cesar Salas	Julio Cesar Salas	9.23014420	-70.91901320	t
141101	Mérida	Justo Briceño	Justo Briceño	8.96694800	-70.93090240	t
141301	Mérida	Miranda	Miranda	8.98339680	-70.74002940	t
141401	Mérida	Obispo Ramos de Lora	Obispo Ramos de Lora	8.86527950	-71.40618760	t
142001	Mérida	Sucre	Sucre	8.50571300	-71.38838850	t
121101	Guárico	José Félix Ribas	Tucupido	9.27274570	-65.76986630	t
142201	Mérida	Tulio Febres Cordero	Tulio Febres Cordero	9.05891150	-71.07354760	t
030101	Anzoátegui	Anaco	Anaco	9.42922970	-64.46742030	t
160101	Monagas	Acosta	Acosta	10.09642060	-63.74591440	t
160401	Monagas	Caripe	Caripe	10.17569110	-63.50685200	t
160501	Monagas	Cedeño	Cedeño	9.83650740	-63.81679320	t
160601	Monagas	Ezequiel Zamora	Ezequiel Zamora	9.32416520	-63.01475780	t
160701	Monagas	Libertador	Libertador	9.72993440	-63.18853200	t
160801	Monagas	Maturin	Maturin	9.73339060	-63.19143170	t
160901	Monagas	Piar	Piar	9.96659980	-63.48832800	t
161001	Monagas	Punceres	Punceres	8.99564880	-62.35211520	t
161201	Monagas	Sotillo	Sotillo	8.67455270	-62.40345970	t
170301	Nueva Esparta	Diaz	Diaz	10.97570720	-63.98544600	t
170401	Nueva Esparta	Garcia	Garcia	10.97210220	-63.87597980	t
170601	Nueva Esparta	Maneiro	Maneiro	10.99587630	-63.80174080	t
170701	Nueva Esparta	Marcano	Marcano	11.08395760	-63.97010960	t
170901	Nueva Esparta	Peninsula de Macanao	Peninsula de Macanao	11.00000000	-64.25000000	t
171001	Nueva Esparta	Tubores	Tubores	10.91275910	-64.12416460	t
171101	Nueva Esparta	Villalba	Villalba	10.78289020	-63.94678990	t
180201	Portuguesa	Araure	Araure	9.57437540	-69.22815310	t
180301	Portuguesa	Esteller	Esteller	9.37255750	-69.20964540	t
180401	Portuguesa	Guanare	Guanare	9.03712790	-69.72869280	t
180501	Portuguesa	Guanarito	Guanarito	8.69954840	-69.21027250	t
180701	Portuguesa	Ospino	Ospino	9.29663180	-69.45759790	t
180801	Portuguesa	Paez	Paez	9.58339940	-69.18913320	t
180901	Portuguesa	Papelon	Papelon	8.94202170	-69.46206710	t
181001	Portuguesa	San Genaro de Boconoito	San Genaro de Boconoito	8.84666180	-69.97289990	t
181201	Portuguesa	Santa Rosalia	Santa Rosalia	9.03333300	-69.01666700	t
181301	Portuguesa	Sucre	Sucre	9.03691090	-69.75381480	t
181401	Portuguesa	Turen	Turen	9.33102390	-69.11490510	t
170501	Nueva Esparta	Gómez	Gomez	11.09721420	-63.95753140	t
220901	Yaracuy	Nirgua	Nirgua	10.15582570	-68.56346820	t
221001	Yaracuy	Peña	Peña	10.16632300	-69.07317990	t
221101	Yaracuy	San Felipe	San Felipe	10.28027800	-68.75389000	t
221401	Yaracuy	Veroes	Veroes	10.44339890	-68.47701830	t
030201	Anzoátegui	Aragua	Aragua	9.17638770	-64.76365920	t
030901	Anzoátegui	Juan Manuel Cajigal	Juan Manuel Cajigal	9.53204720	-65.14325180	t
031601	Anzoátegui	San Juan de Capistrano	San Juan de Capistrano	10.07133120	-65.45197730	t
121201	Guárico	Juan German Roscio	San Juan de Los Morros	9.91267040	-67.36145860	t
140401	Mérida	Aricagua	Aricagua	8.22569800	-71.14457700	t
140501	Mérida	Arzobispo Chacon	Arzobispo Chacon	8.09017810	-71.42993640	t
140701	Mérida	Caracciolo Parra Olmedo	Caracciolo Parra Olmedo	8.83565540	-71.23990370	t
141701	Mérida	Rangel	Rangel	8.73182280	-70.85956200	t
141801	Mérida	Rivas Davila	Rivas Davila	8.21351270	-71.83341450	t
142301	Mérida	Zea	Zea	8.38026720	-71.78448930	t
180601	Portuguesa	Monseñor Jose Vicente de Unda	Mons Jose Vicente de Unda	9.45600460	-69.97165380	t
181101	Portuguesa	San Rafael de Onoto	San Rafael de Onoto	9.65822760	-68.97184290	t
120101	Guárico	Camaguan	Camaguan	8.11046390	-67.60959670	t
120401	Guárico	San Geronimo de Guayabal	San Geronimo de Guayabal	8.00119050	-67.39503390	t
120501	Guárico	Leonardo Infante	Valle de La Pascua	9.22171780	-65.97948070	t
120601	Guárico	Las Mercedes	Las Mercedes	9.91750750	-67.35545040	t
120701	Guárico	Julian Mellado	El Sombrero	9.38875160	-67.06135280	t
120801	Guárico	Francisco de Miranda	Calabozo	8.91800890	-67.41589250	t
120901	Guárico	Jose Tadeo Monagas	Altagracia de Orituco	9.85632540	-66.37358410	t
201101	Táchira	Capacho Nuevo	Independencia	7.82517500	-72.31298090	t